Episode,GoalVisits
1,1
2,2
3,0
4,2
5,5
6,1
7,0
8,1
9,2
10,0
11,0
12,1
13,1
14,1
15,0
16,2
17,3
18,3
19,4
20,7
21,1
22,10
23,4
24,7
25,4
26,5
27,8
28,6
29,10
30,6
31,8
32,6
33,8
34,8
35,8
36,6
37,7
38,7
39,7
40,9
41,10
42,10
43,7
44,9
45,10
46,8
47,6
48,9
49,9
50,8
51,8
52,6
53,11
54,9
55,9
56,10
57,8
58,11
59,8
60,9
61,8
62,8
63,9
64,6
65,12
66,8
67,9
68,7
69,8
70,10
71,9
72,9
73,9
74,8
75,9
76,5
77,8
78,11
79,6
80,9
81,7
82,8
83,10
84,9
85,7
86,8
87,10
88,9
89,9
90,10
91,10
92,9
93,11
94,9
95,10
96,8
97,10
98,8
99,7
100,8
101,10
102,7
103,7
104,8
105,9
106,9
107,9
108,7
109,8
110,8
111,9
112,7
113,9
114,12
115,8
116,11
117,8
118,9
119,9
120,9
121,10
122,9
123,7
124,11
125,7
126,11
127,7
128,9
129,6
130,9
131,9
132,9
133,11
134,7
135,10
136,9
137,7
138,11
139,9
140,9
141,8
142,9
143,10
144,9
145,8
146,8
147,9
148,8
149,7
150,8
151,7
152,8
153,7
154,12
155,8
156,10
157,8
158,8
159,9
160,9
161,9
162,7
163,11
164,9
165,9
166,5
167,9
168,8
169,9
170,9
171,9
172,6
173,7
174,10
175,7
176,9
177,8
178,9
179,8
180,9
181,9
182,11
183,6
184,10
185,9
186,9
187,7
188,8
189,8
190,8
191,10
192,7
193,10
194,7
195,6
196,11
197,11
198,8
199,7
200,8
201,11
202,7
203,9
204,10
205,7
206,6
207,7
208,8
209,11
210,8
211,8
212,11
213,10
214,9
215,8
216,10
217,9
218,7
219,9
220,9
221,11
222,7
223,8
224,7
225,9
226,8
227,10
228,10
229,8
230,7
231,9
232,10
233,9
234,8
235,7
236,9
237,8
238,7
239,7
240,8
241,8
242,7
243,9
244,8
245,11
246,7
247,10
248,8
249,10
250,10
251,10
252,10
253,9
254,10
255,8
256,6
257,10
258,11
259,8
260,8
261,8
262,8
263,10
264,8
265,7
266,8
267,9
268,11
269,6
270,10
271,9
272,10
273,8
274,8
275,9
276,7
277,8
278,10
279,8
280,8
281,8
282,9
283,9
284,9
285,9
286,10
287,7
288,7
289,7
290,9
291,10
292,7
293,6
294,9
295,8
296,8
297,8
298,8
299,8
300,7
301,7
302,9
303,11
304,6
305,10
306,9
307,9
308,7
309,7
310,7
311,8
312,9
313,11
314,7
315,11
316,7
317,7
318,8
319,9
320,7
321,10
322,9
323,9
324,8
325,11
326,8
327,8
328,8
329,8
330,8
331,9
332,8
333,10
334,10
335,8
336,8
337,9
338,8
339,10
340,8
341,8
342,9
343,9
344,10
345,11
346,10
347,8
348,7
349,7
350,9
351,8
352,10
353,8
354,10
355,9
356,9
357,6
358,8
359,9
360,8
361,11
362,6
363,11
364,7
365,9
366,9
367,6
368,7
369,10
370,8
371,8
372,9
373,9
374,9
375,9
376,10
377,10
378,8
379,8
380,11
381,13
382,7
383,8
384,8
385,7
386,7
387,8
388,7
389,7
390,9
391,5
392,6
393,8
394,8
395,8
396,8
397,6
398,8
399,8
400,9
401,9
402,7
403,8
404,9
405,10
406,8
407,9
408,8
409,8
410,8
411,11
412,8
413,11
414,8
415,8
416,7
417,8
418,7
419,8
420,9
421,8
422,9
423,8
424,8
425,9
426,8
427,8
428,7
429,8
430,10
431,7
432,10
433,8
434,9
435,8
436,7
437,8
438,10
439,11
440,8
441,9
442,7
443,11
444,11
445,9
446,7
447,5
448,12
449,8
450,5
451,10
452,10
453,7
454,9
455,9
456,8
457,8
458,10
459,6
460,9
461,9
462,10
463,11
464,8
465,9
466,9
467,11
468,9
469,10
470,9
471,8
472,11
473,8
474,7
475,9
476,9
477,9
478,9
479,9
480,10
481,10
482,8
483,9
484,7
485,9
486,7
487,10
488,8
489,9
490,7
491,9
492,7
493,8
494,8
495,9
496,8
497,9
498,11
499,8
500,7
501,7
502,7
503,7
504,9
505,9
506,6
507,11
508,8
509,6
510,10
511,10
512,9
513,8
514,9
515,9
516,8
517,10
518,7
519,8
520,8
521,9
522,10
523,8
524,10
525,8
526,9
527,7
528,8
529,6
530,9
531,8
532,9
533,9
534,11
535,9
536,8
537,6
538,6
539,9
540,8
541,8
542,10
543,9
544,9
545,9
546,7
547,8
548,11
549,9
550,11
551,9
552,9
553,8
554,6
555,8
556,8
557,8
558,9
559,6
560,8
561,7
562,11
563,7
564,8
565,9
566,8
567,8
568,10
569,8
570,9
571,7
572,9
573,7
574,7
575,7
576,8
577,7
578,7
579,9
580,9
581,8
582,10
583,9
584,8
585,7
586,7
587,11
588,7
589,6
590,10
591,7
592,9
593,9
594,10
595,8
596,7
597,7
598,10
599,9
600,9
601,8
602,7
603,9
604,7
605,10
606,7
607,7
608,7
609,9
610,8
611,7
612,9
613,7
614,7
615,8
616,6
617,7
618,7
619,10
620,7
621,7
622,6
623,10
624,12
625,7
626,9
627,10
628,7
629,8
630,7
631,10
632,10
633,8
634,7
635,7
636,7
637,7
638,7
639,9
640,11
641,8
642,6
643,6
644,7
645,8
646,6
647,9
648,9
649,9
650,8
651,11
652,10
653,10
654,9
655,13
656,8
657,10
658,9
659,8
660,8
661,10
662,7
663,10
664,9
665,8
666,8
667,8
668,7
669,9
670,8
671,8
672,10
673,7
674,9
675,7
676,7
677,8
678,9
679,8
680,6
681,8
682,6
683,9
684,10
685,10
686,8
687,9
688,7
689,8
690,8
691,10
692,9
693,12
694,9
695,8
696,8
697,9
698,10
699,7
700,8
701,8
702,9
703,7
704,7
705,8
706,6
707,10
708,8
709,9
710,8
711,9
712,10
713,9
714,7
715,9
716,8
717,10
718,8
719,11
720,9
721,8
722,6
723,10
724,9
725,9
726,7
727,9
728,7
729,7
730,10
731,9
732,10
733,11
734,9
735,10
736,6
737,9
738,8
739,5
740,8
741,8
742,8
743,7
744,8
745,8
746,6
747,11
748,9
749,10
750,9
751,7
752,8
753,11
754,10
755,10
756,6
757,6
758,8
759,9
760,9
761,6
762,9
763,9
764,8
765,8
766,9
767,9
768,9
769,8
770,10
771,8
772,8
773,9
774,7
775,10
776,10
777,10
778,7
779,10
780,9
781,10
782,8
783,9
784,10
785,9
786,7
787,6
788,8
789,8
790,10
791,7
792,9
793,9
794,8
795,10
796,8
797,9
798,9
799,8
800,8
801,11
802,6
803,10
804,11
805,7
806,9
807,7
808,9
809,8
810,9
811,8
812,9
813,9
814,8
815,8
816,9
817,9
818,10
819,8
820,8
821,7
822,6
823,9
824,8
825,8
826,10
827,10
828,10
829,9
830,10
831,11
832,9
833,7
834,7
835,6
836,9
837,7
838,9
839,7
840,7
841,6
842,8
843,9
844,10
845,9
846,8
847,7
848,9
849,10
850,7
851,9
852,9
853,9
854,7
855,10
856,8
857,8
858,9
859,10
860,9
861,5
862,8
863,7
864,9
865,7
866,8
867,6
868,9
869,7
870,9
871,7
872,9
873,7
874,10
875,10
876,8
877,9
878,6
879,9
880,10
881,8
882,11
883,10
884,7
885,7
886,9
887,7
888,8
889,7
890,10
891,11
892,11
893,6
894,6
895,10
896,7
897,8
898,10
899,10
900,11
901,10
902,9
903,8
904,7
905,7
906,7
907,7
908,9
909,11
910,8
911,6
912,9
913,8
914,7
915,8
916,10
917,8
918,11
919,12
920,7
921,6
922,9
923,9
924,9
925,10
926,7
927,8
928,10
929,10
930,8
931,8
932,8
933,7
934,8
935,10
936,8
937,7
938,7
939,7
940,9
941,8
942,7
943,10
944,8
945,10
946,7
947,10
948,8
949,9
950,8
951,9
952,8
953,8
954,8
955,8
956,10
957,6
958,7
959,7
960,6
961,7
962,7
963,8
964,8
965,7
966,7
967,9
968,10
969,9
970,8
971,9
972,9
973,10
974,9
975,12
976,9
977,9
978,9
979,7
980,9
981,11
982,8
983,9
984,6
985,12
986,10
987,10
988,9
989,7
990,7
991,7
992,9
993,8
994,10
995,8
996,7
997,7
998,6
999,10
1000,6
1001,8
1002,9
1003,8
1004,6
1005,8
1006,7
1007,8
1008,7
1009,8
1010,11
1011,7
1012,7
1013,8
1014,7
1015,6
1016,8
1017,10
1018,9
1019,9
1020,8
1021,9
1022,9
1023,7
1024,12
1025,7
1026,8
1027,9
1028,9
1029,9
1030,7
1031,6
1032,8
1033,7
1034,10
1035,8
1036,7
1037,10
1038,8
1039,11
1040,8
1041,7
1042,9
1043,9
1044,8
1045,7
1046,8
1047,8
1048,6
1049,7
1050,8
1051,8
1052,6
1053,8
1054,9
1055,9
1056,7
1057,12
1058,9
1059,7
1060,9
1061,7
1062,7
1063,7
1064,9
1065,7
1066,8
1067,7
1068,10
1069,13
1070,9
1071,9
1072,8
1073,12
1074,8
1075,12
1076,7
1077,8
1078,6
1079,8
1080,7
1081,10
1082,8
1083,9
1084,8
1085,8
1086,7
1087,6
1088,8
1089,7
1090,9
1091,8
1092,6
1093,10
1094,9
1095,10
1096,7
1097,8
1098,8
1099,9
1100,9
1101,9
1102,7
1103,8
1104,8
1105,10
1106,9
1107,7
1108,10
1109,10
1110,9
1111,8
1112,10
1113,9
1114,10
1115,8
1116,8
1117,10
1118,9
1119,9
1120,8
1121,7
1122,8
1123,9
1124,10
1125,10
1126,8
1127,8
1128,8
1129,9
1130,7
1131,8
1132,12
1133,10
1134,7
1135,8
1136,9
1137,8
1138,10
1139,8
1140,8
1141,11
1142,6
1143,8
1144,7
1145,6
1146,8
1147,9
1148,10
1149,7
1150,8
1151,6
1152,8
1153,6
1154,8
1155,9
1156,8
1157,9
1158,8
1159,9
1160,9
1161,9
1162,10
1163,7
1164,7
1165,8
1166,7
1167,10
1168,11
1169,7
1170,8
1171,7
1172,8
1173,7
1174,10
1175,9
1176,10
1177,10
1178,8
1179,11
1180,8
1181,10
1182,9
1183,8
1184,8
1185,9
1186,6
1187,10
1188,6
1189,8
1190,10
1191,10
1192,6
1193,10
1194,9
1195,9
1196,8
1197,5
1198,8
1199,9
1200,10
1201,7
1202,10
1203,6
1204,9
1205,8
1206,9
1207,7
1208,10
1209,9
1210,11
1211,10
1212,8
1213,9
1214,7
1215,8
1216,8
1217,8
1218,8
1219,7
1220,11
1221,8
1222,9
1223,10
1224,8
1225,8
1226,8
1227,8
1228,8
1229,10
1230,9
1231,10
1232,6
1233,8
1234,10
1235,8
1236,10
1237,8
1238,9
1239,12
1240,8
1241,7
1242,10
1243,8
1244,7
1245,8
1246,9
1247,8
1248,8
1249,10
1250,7
1251,10
1252,8
1253,7
1254,9
1255,10
1256,6
1257,8
1258,9
1259,8
1260,7
1261,7
1262,9
1263,10
1264,7
1265,9
1266,8
1267,6
1268,11
1269,13
1270,6
1271,7
1272,6
1273,9
1274,7
1275,8
1276,7
1277,8
1278,7
1279,9
1280,10
1281,10
1282,8
1283,10
1284,7
1285,7
1286,7
1287,7
1288,7
1289,6
1290,8
1291,9
1292,8
1293,8
1294,7
1295,9
1296,7
1297,9
1298,9
1299,7
1300,7
1301,9
1302,8
1303,10
1304,8
1305,7
1306,6
1307,13
1308,7
1309,8
1310,7
1311,9
1312,6
1313,8
1314,10
1315,10
1316,7
1317,9
1318,7
1319,8
1320,10
1321,9
1322,9
1323,11
1324,9
1325,11
1326,9
1327,7
1328,10
1329,8
1330,5
1331,8
1332,9
1333,8
1334,9
1335,7
1336,6
1337,10
1338,6
1339,6
1340,11
1341,7
1342,8
1343,8
1344,8
1345,6
1346,8
1347,8
1348,7
1349,5
1350,8
1351,7
1352,10
1353,8
1354,10
1355,9
1356,6
1357,8
1358,9
1359,7
1360,9
1361,11
1362,10
1363,8
1364,11
1365,8
1366,9
1367,8
1368,9
1369,7
1370,7
1371,8
1372,8
1373,9
1374,12
1375,7
1376,11
1377,10
1378,8
1379,6
1380,11
1381,11
1382,9
1383,9
1384,11
1385,7
1386,8
1387,8
1388,8
1389,7
1390,7
1391,7
1392,7
1393,9
1394,9
1395,8
1396,8
1397,8
1398,7
1399,8
1400,10
1401,7
1402,8
1403,10
1404,9
1405,7
1406,8
1407,7
1408,8
1409,8
1410,10
1411,8
1412,6
1413,9
1414,7
1415,9
1416,8
1417,8
1418,8
1419,8
1420,8
1421,8
1422,10
1423,8
1424,9
1425,8
1426,8
1427,10
1428,10
1429,12
1430,11
1431,7
1432,8
1433,9
1434,10
1435,12
1436,7
1437,6
1438,7
1439,8
1440,9
1441,9
1442,8
1443,9
1444,8
1445,10
1446,10
1447,8
1448,7
1449,10
1450,9
1451,9
1452,9
1453,6
1454,8
1455,9
1456,9
1457,8
1458,8
1459,7
1460,7
1461,9
1462,7
1463,9
1464,9
1465,9
1466,8
1467,8
1468,6
1469,9
1470,9
1471,7
1472,8
1473,11
1474,7
1475,8
1476,7
1477,9
1478,8
1479,8
1480,10
1481,7
1482,9
1483,8
1484,8
1485,8
1486,7
1487,9
1488,7
1489,6
1490,9
1491,7
1492,8
1493,11
1494,10
1495,7
1496,7
1497,7
1498,8
1499,7
1500,13
1501,8
1502,12
1503,11
1504,8
1505,7
1506,6
1507,7
1508,8
1509,7
1510,10
1511,8
1512,7
1513,8
1514,10
1515,9
1516,7
1517,8
1518,9
1519,8
1520,4
1521,7
1522,11
1523,9
1524,7
1525,7
1526,6
1527,6
1528,6
1529,7
1530,10
1531,7
1532,9
1533,7
1534,7
1535,8
1536,9
1537,8
1538,8
1539,10
1540,8
1541,9
1542,9
1543,10
1544,10
1545,9
1546,8
1547,8
1548,7
1549,9
1550,8
1551,8
1552,6
1553,11
1554,7
1555,7
1556,7
1557,10
1558,8
1559,8
1560,10
1561,7
1562,8
1563,6
1564,8
1565,7
1566,9
1567,9
1568,10
1569,8
1570,5
1571,8
1572,9
1573,7
1574,7
1575,7
1576,12
1577,8
1578,9
1579,9
1580,9
1581,8
1582,8
1583,9
1584,7
1585,7
1586,9
1587,5
1588,7
1589,13
1590,6
1591,10
1592,9
1593,9
1594,8
1595,7
1596,6
1597,8
1598,8
1599,9
1600,11
1601,9
1602,11
1603,7
1604,9
1605,8
1606,8
1607,10
1608,9
1609,9
1610,9
1611,10
1612,6
1613,11
1614,8
1615,9
1616,11
1617,8
1618,9
1619,11
1620,7
1621,7
1622,10
1623,7
1624,6
1625,8
1626,7
1627,11
1628,7
1629,7
1630,7
1631,9
1632,9
1633,8
1634,8
1635,10
1636,8
1637,8
1638,10
1639,8
1640,8
1641,7
1642,8
1643,7
1644,8
1645,10
1646,10
1647,9
1648,12
1649,9
1650,7
1651,8
1652,9
1653,7
1654,7
1655,8
1656,8
1657,8
1658,8
1659,10
1660,8
1661,8
1662,12
1663,11
1664,8
1665,9
1666,8
1667,8
1668,8
1669,9
1670,7
1671,6
1672,8
1673,10
1674,10
1675,8
1676,9
1677,9
1678,7
1679,7
1680,7
1681,7
1682,8
1683,9
1684,8
1685,8
1686,11
1687,11
1688,7
1689,7
1690,6
1691,8
1692,8
1693,12
1694,11
1695,7
1696,9
1697,10
1698,8
1699,9
1700,7
1701,10
1702,8
1703,7
1704,7
1705,7
1706,8
1707,6
1708,8
1709,8
1710,12
1711,7
1712,8
1713,11
1714,8
1715,10
1716,7
1717,6
1718,10
1719,8
1720,8
1721,8
1722,9
1723,9
1724,7
1725,9
1726,8
1727,9
1728,8
1729,8
1730,7
1731,7
1732,9
1733,9
1734,6
1735,7
1736,12
1737,9
1738,7
1739,7
1740,6
1741,7
1742,9
1743,10
1744,7
1745,8
1746,8
1747,10
1748,10
1749,14
1750,8
1751,8
1752,7
1753,6
1754,8
1755,9
1756,7
1757,9
1758,9
1759,9
1760,6
1761,8
1762,7
1763,7
1764,8
1765,9
1766,8
1767,7
1768,10
1769,10
1770,8
1771,13
1772,8
1773,7
1774,9
1775,8
1776,9
1777,8
1778,6
1779,9
1780,8
1781,8
1782,10
1783,11
1784,6
1785,8
1786,6
1787,7
1788,9
1789,9
1790,9
1791,8
1792,10
1793,9
1794,9
1795,7
1796,9
1797,7
1798,8
1799,9
1800,8
1801,7
1802,7
1803,10
1804,6
1805,8
1806,10
1807,7
1808,9
1809,10
1810,6
1811,7
1812,9
1813,7
1814,9
1815,7
1816,10
1817,6
1818,9
1819,10
1820,8
1821,8
1822,8
1823,10
1824,7
1825,9
1826,9
1827,7
1828,7
1829,11
1830,11
1831,8
1832,9
1833,8
1834,7
1835,8
1836,10
1837,8
1838,7
1839,10
1840,8
1841,7
1842,8
1843,9
1844,6
1845,10
1846,7
1847,10
1848,7
1849,9
1850,7
1851,10
1852,9
1853,8
1854,6
1855,9
1856,7
1857,6
1858,12
1859,5
1860,7
1861,8
1862,8
1863,8
1864,8
1865,9
1866,8
1867,8
1868,7
1869,9
1870,7
1871,6
1872,8
1873,10
1874,9
1875,7
1876,9
1877,7
1878,7
1879,8
1880,7
1881,8
1882,9
1883,11
1884,11
1885,8
1886,8
1887,7
1888,8
1889,8
1890,9
1891,9
1892,7
1893,8
1894,10
1895,6
1896,9
1897,8
1898,7
1899,8
1900,9
1901,9
1902,10
1903,6
1904,9
1905,7
1906,6
1907,7
1908,8
1909,8
1910,9
1911,10
1912,7
1913,8
1914,8
1915,8
1916,8
1917,11
1918,8
1919,8
1920,9
1921,7
1922,8
1923,8
1924,9
1925,8
1926,7
1927,7
1928,7
1929,7
1930,9
1931,5
1932,11
1933,8
1934,10
1935,8
1936,8
1937,11
1938,8
1939,8
1940,9
1941,8
1942,10
1943,10
1944,8
1945,9
1946,9
1947,6
1948,9
1949,9
1950,12
1951,8
1952,10
1953,10
1954,7
1955,8
1956,8
1957,9
1958,9
1959,8
1960,8
1961,7
1962,6
1963,10
1964,9
1965,8
1966,9
1967,8
1968,11
1969,12
1970,8
1971,10
1972,8
1973,6
1974,6
1975,7
1976,7
1977,9
1978,8
1979,8
1980,10
1981,6
1982,8
1983,12
1984,9
1985,11
1986,6
1987,11
1988,6
1989,7
1990,11
1991,9
1992,7
1993,8
1994,11
1995,8
1996,8
1997,6
1998,8
1999,7
2000,8
2001,8
2002,10
2003,10
2004,7
2005,8
2006,7
2007,8
2008,10
2009,8
2010,8
2011,9
2012,7
2013,7
2014,8
2015,10
2016,7
2017,11
2018,9
2019,10
2020,9
2021,9
2022,9
2023,9
2024,7
2025,10
2026,9
2027,9
2028,9
2029,6
2030,10
2031,7
2032,9
2033,8
2034,9
2035,5
2036,7
2037,8
2038,8
2039,6
2040,9
2041,7
2042,7
2043,11
2044,8
2045,7
2046,12
2047,8
2048,11
2049,9
2050,6
2051,9
2052,8
2053,8
2054,8
2055,6
2056,8
2057,7
2058,9
2059,8
2060,6
2061,7
2062,7
2063,7
2064,9
2065,9
2066,8
2067,8
2068,8
2069,8
2070,8
2071,7
2072,9
2073,8
2074,8
2075,6
2076,10
2077,7
2078,9
2079,9
2080,9
2081,10
2082,10
2083,9
2084,8
2085,9
2086,7
2087,7
2088,9
2089,9
2090,9
2091,7
2092,7
2093,9
2094,8
2095,6
2096,7
2097,10
2098,9
2099,11
2100,7
2101,8
2102,8
2103,6
2104,8
2105,11
2106,7
2107,9
2108,7
2109,7
2110,12
2111,7
2112,7
2113,8
2114,10
2115,6
2116,9
2117,5
2118,9
2119,10
2120,7
2121,6
2122,7
2123,7
2124,9
2125,8
2126,9
2127,9
2128,7
2129,9
2130,8
2131,8
2132,7
2133,10
2134,8
2135,8
2136,9
2137,7
2138,9
2139,8
2140,7
2141,10
2142,7
2143,7
2144,9
2145,6
2146,11
2147,11
2148,8
2149,7
2150,9
2151,7
2152,7
2153,5
2154,8
2155,9
2156,9
2157,8
2158,9
2159,8
2160,11
2161,12
2162,7
2163,8
2164,9
2165,8
2166,9
2167,9
2168,9
2169,8
2170,8
2171,9
2172,8
2173,6
2174,8
2175,6
2176,12
2177,8
2178,14
2179,9
2180,10
2181,9
2182,7
2183,8
2184,7
2185,8
2186,8
2187,13
2188,8
2189,7
2190,8
2191,10
2192,9
2193,10
2194,9
2195,8
2196,6
2197,11
2198,10
2199,10
2200,11
2201,10
2202,10
2203,10
2204,6
2205,7
2206,9
2207,8
2208,8
2209,8
2210,8
2211,9
2212,8
2213,9
2214,8
2215,10
2216,6
2217,10
2218,8
2219,8
2220,7
2221,8
2222,8
2223,9
2224,7
2225,7
2226,9
2227,7
2228,8
2229,9
2230,9
2231,8
2232,9
2233,7
2234,9
2235,8
2236,9
2237,10
2238,7
2239,9
2240,7
2241,8
2242,8
2243,8
2244,9
2245,7
2246,8
2247,7
2248,8
2249,9
2250,8
2251,11
2252,8
2253,6
2254,7
2255,8
2256,9
2257,7
2258,9
2259,7
2260,7
2261,12
2262,8
2263,7
2264,8
2265,10
2266,10
2267,7
2268,9
2269,9
2270,7
2271,10
2272,8
2273,7
2274,10
2275,9
2276,8
2277,9
2278,10
2279,8
2280,10
2281,8
2282,7
2283,6
2284,8
2285,7
2286,10
2287,11
2288,8
2289,8
2290,6
2291,6
2292,9
2293,8
2294,6
2295,6
2296,8
2297,7
2298,8
2299,10
2300,9
2301,9
2302,8
2303,9
2304,8
2305,6
2306,11
2307,11
2308,6
2309,7
2310,7
2311,10
2312,9
2313,10
2314,7
2315,10
2316,8
2317,8
2318,9
2319,7
2320,6
2321,8
2322,9
2323,8
2324,9
2325,8
2326,9
2327,8
2328,6
2329,8
2330,7
2331,9
2332,8
2333,9
2334,6
2335,8
2336,9
2337,9
2338,9
2339,10
2340,8
2341,8
2342,10
2343,6
2344,5
2345,11
2346,8
2347,9
2348,7
2349,6
2350,8
2351,9
2352,8
2353,8
2354,8
2355,9
2356,7
2357,9
2358,7
2359,7
2360,6
2361,10
2362,8
2363,8
2364,7
2365,7
2366,9
2367,11
2368,8
2369,9
2370,8
2371,8
2372,7
2373,9
2374,10
2375,5
2376,9
2377,8
2378,8
2379,8
2380,7
2381,6
2382,8
2383,4
2384,12
2385,7
2386,8
2387,8
2388,9
2389,8
2390,9
2391,8
2392,8
2393,7
2394,10
2395,9
2396,9
2397,8
2398,11
2399,9
2400,7
2401,10
2402,9
2403,10
2404,6
2405,10
2406,7
2407,9
2408,10
2409,10
2410,9
2411,8
2412,7
2413,11
2414,8
2415,6
2416,7
2417,7
2418,9
2419,9
2420,6
2421,10
2422,11
2423,11
2424,10
2425,8
2426,10
2427,6
2428,9
2429,6
2430,8
2431,8
2432,8
2433,8
2434,7
2435,5
2436,7
2437,7
2438,8
2439,7
2440,8
2441,8
2442,8
2443,7
2444,8
2445,10
2446,10
2447,9
2448,8
2449,8
2450,11
2451,10
2452,11
2453,8
2454,5
2455,10
2456,6
2457,7
2458,10
2459,8
2460,6
2461,9
2462,10
2463,9
2464,10
2465,11
2466,6
2467,9
2468,11
2469,7
2470,11
2471,8
2472,11
2473,9
2474,8
2475,7
2476,6
2477,8
2478,9
2479,11
2480,6
2481,7
2482,9
2483,7
2484,12
2485,11
2486,7
2487,9
2488,9
2489,8
2490,8
2491,7
2492,11
2493,12
2494,7
2495,10
2496,11
2497,9
2498,9
2499,7
2500,9
2501,9
2502,7
2503,8
2504,9
2505,10
2506,6
2507,8
2508,7
2509,7
2510,8
2511,9
2512,6
2513,8
2514,10
2515,5
2516,9
2517,10
2518,6
2519,10
2520,8
2521,8
2522,9
2523,8
2524,9
2525,9
2526,9
2527,9
2528,11
2529,9
2530,8
2531,12
2532,11
2533,7
2534,11
2535,6
2536,9
2537,9
2538,9
2539,7
2540,6
2541,6
2542,8
2543,9
2544,10
2545,9
2546,8
2547,8
2548,9
2549,7
2550,10
2551,7
2552,8
2553,7
2554,11
2555,8
2556,11
2557,11
2558,8
2559,9
2560,9
2561,7
2562,8
2563,9
2564,7
2565,11
2566,8
2567,9
2568,8
2569,7
2570,9
2571,7
2572,13
2573,7
2574,8
2575,11
2576,7
2577,6
2578,10
2579,9
2580,9
2581,10
2582,9
2583,10
2584,7
2585,11
2586,8
2587,9
2588,9
2589,8
2590,7
2591,9
2592,9
2593,8
2594,9
2595,8
2596,8
2597,9
2598,9
2599,9
2600,8
2601,10
2602,10
2603,8
2604,8
2605,8
2606,10
2607,7
2608,9
2609,7
2610,11
2611,8
2612,8
2613,9
2614,8
2615,6
2616,12
2617,10
2618,13
2619,7
2620,12
2621,7
2622,11
2623,10
2624,9
2625,7
2626,11
2627,8
2628,10
2629,7
2630,9
2631,8
2632,8
2633,7
2634,7
2635,8
2636,11
2637,9
2638,10
2639,8
2640,5
2641,5
2642,12
2643,7
2644,9
2645,10
2646,8
2647,8
2648,9
2649,10
2650,7
2651,10
2652,9
2653,7
2654,8
2655,9
2656,7
2657,7
2658,8
2659,9
2660,10
2661,8
2662,7
2663,9
2664,10
2665,7
2666,9
2667,9
2668,11
2669,7
2670,5
2671,7
2672,10
2673,9
2674,10
2675,8
2676,7
2677,10
2678,8
2679,7
2680,9
2681,8
2682,8
2683,6
2684,8
2685,8
2686,8
2687,8
2688,9
2689,10
2690,10
2691,6
2692,8
2693,7
2694,7
2695,6
2696,9
2697,9
2698,7
2699,9
2700,9
2701,8
2702,8
2703,9
2704,7
2705,8
2706,9
2707,8
2708,8
2709,10
2710,7
2711,8
2712,7
2713,7
2714,8
2715,9
2716,8
2717,9
2718,9
2719,9
2720,6
2721,10
2722,8
2723,6
2724,8
2725,8
2726,7
2727,9
2728,11
2729,8
2730,11
2731,9
2732,11
2733,9
2734,9
2735,11
2736,7
2737,10
2738,7
2739,7
2740,7
2741,8
2742,10
2743,10
2744,9
2745,10
2746,10
2747,9
2748,11
2749,9
2750,6
2751,9
2752,8
2753,9
2754,6
2755,9
2756,7
2757,7
2758,11
2759,8
2760,10
2761,8
2762,8
2763,9
2764,9
2765,9
2766,9
2767,12
2768,9
2769,7
2770,8
2771,9
2772,9
2773,9
2774,6
2775,7
2776,9
2777,10
2778,8
2779,10
2780,8
2781,9
2782,6
2783,7
2784,8
2785,9
2786,10
2787,11
2788,8
2789,8
2790,8
2791,13
2792,7
2793,11
2794,9
2795,14
2796,7
2797,7
2798,7
2799,6
2800,10
2801,7
2802,10
2803,7
2804,8
2805,5
2806,8
2807,7
2808,8
2809,11
2810,9
2811,9
2812,7
2813,8
2814,12
2815,13
2816,8
2817,11
2818,9
2819,8
2820,6
2821,7
2822,8
2823,10
2824,8
2825,8
2826,8
2827,7
2828,8
2829,9
2830,13
2831,8
2832,8
2833,8
2834,9
2835,10
2836,6
2837,8
2838,9
2839,10
2840,8
2841,10
2842,9
2843,10
2844,8
2845,7
2846,7
2847,6
2848,8
2849,10
2850,8
2851,9
2852,9
2853,10
2854,8
2855,8
2856,8
2857,8
2858,10
2859,6
2860,6
2861,10
2862,8
2863,8
2864,7
2865,11
2866,8
2867,7
2868,6
2869,10
2870,10
2871,10
2872,9
2873,10
2874,9
2875,8
2876,14
2877,10
2878,8
2879,10
2880,5
2881,7
2882,7
2883,10
2884,8
2885,8
2886,8
2887,6
2888,8
2889,8
2890,9
2891,8
2892,8
2893,6
2894,7
2895,9
2896,8
2897,10
2898,7
2899,9
2900,6
2901,10
2902,9
2903,10
2904,10
2905,7
2906,6
2907,10
2908,8
2909,10
2910,9
2911,12
2912,8
2913,8
2914,10
2915,10
2916,7
2917,6
2918,12
2919,6
2920,8
2921,7
2922,9
2923,9
2924,8
2925,10
2926,7
2927,9
2928,10
2929,8
2930,6
2931,8
2932,10
2933,8
2934,12
2935,8
2936,7
2937,10
2938,9
2939,8
2940,10
2941,8
2942,7
2943,7
2944,7
2945,9
2946,10
2947,10
2948,8
2949,8
2950,11
2951,8
2952,12
2953,7
2954,7
2955,8
2956,8
2957,6
2958,6
2959,7
2960,8
2961,12
2962,10
2963,5
2964,8
2965,11
2966,10
2967,10
2968,7
2969,8
2970,8
2971,8
2972,6
2973,8
2974,10
2975,8
2976,9
2977,8
2978,10
2979,12
2980,8
2981,9
2982,7
2983,7
2984,10
2985,10
2986,9
2987,8
2988,10
2989,6
2990,8
2991,6
2992,7
2993,7
2994,8
2995,10
2996,6
2997,7
2998,12
2999,7
3000,9
3001,9
3002,7
3003,11
3004,11
3005,9
3006,8
3007,12
3008,9
3009,8
3010,8
3011,7
3012,7
3013,8
3014,8
3015,10
3016,10
3017,10
3018,10
3019,9
3020,9
3021,11
3022,7
3023,7
3024,9
3025,8
3026,7
3027,10
3028,8
3029,9
3030,7
3031,7
3032,10
3033,8
3034,10
3035,9
3036,7
3037,12
3038,12
3039,9
3040,11
3041,9
3042,9
3043,6
3044,9
3045,8
3046,11
3047,10
3048,11
3049,7
3050,10
3051,8
3052,8
3053,8
3054,7
3055,8
3056,7
3057,7
3058,10
3059,9
3060,7
3061,7
3062,8
3063,8
3064,11
3065,10
3066,8
3067,8
3068,7
3069,7
3070,8
3071,7
3072,6
3073,8
3074,7
3075,8
3076,9
3077,10
3078,7
3079,11
3080,7
3081,8
3082,13
3083,10
3084,8
3085,8
3086,9
3087,7
3088,8
3089,10
3090,7
3091,8
3092,8
3093,10
3094,8
3095,10
3096,7
3097,11
3098,8
3099,12
3100,9
3101,9
3102,10
3103,7
3104,12
3105,8
3106,9
3107,9
3108,9
3109,6
3110,7
3111,8
3112,8
3113,9
3114,9
3115,11
3116,9
3117,5
3118,11
3119,9
3120,11
3121,7
3122,5
3123,9
3124,7
3125,6
3126,12
3127,8
3128,9
3129,8
3130,7
3131,6
3132,8
3133,9
3134,11
3135,9
3136,9
3137,9
3138,7
3139,10
3140,8
3141,9
3142,8
3143,10
3144,11
3145,8
3146,8
3147,9
3148,8
3149,7
3150,10
3151,11
3152,8
3153,9
3154,7
3155,9
3156,9
3157,8
3158,7
3159,8
3160,9
3161,6
3162,13
3163,10
3164,11
3165,9
3166,9
3167,7
3168,12
3169,8
3170,7
3171,9
3172,11
3173,11
3174,10
3175,8
3176,7
3177,9
3178,9
3179,11
3180,9
3181,7
3182,8
3183,9
3184,10
3185,8
3186,10
3187,8
3188,11
3189,8
3190,8
3191,9
3192,10
3193,7
3194,10
3195,10
3196,10
3197,9
3198,7
3199,10
3200,6
3201,8
3202,9
3203,8
3204,7
3205,10
3206,10
3207,10
3208,7
3209,9
3210,9
3211,10
3212,8
3213,11
3214,10
3215,9
3216,8
3217,11
3218,11
3219,9
3220,9
3221,8
3222,9
3223,10
3224,7
3225,11
3226,8
3227,8
3228,8
3229,8
3230,8
3231,9
3232,8
3233,11
3234,11
3235,7
3236,10
3237,8
3238,7
3239,11
3240,9
3241,11
3242,8
3243,11
3244,7
3245,6
3246,8
3247,12
3248,10
3249,7
3250,6
3251,8
3252,6
3253,8
3254,7
3255,10
3256,7
3257,7
3258,10
3259,9
3260,8
3261,11
3262,12
3263,9
3264,9
3265,8
3266,8
3267,8
3268,9
3269,9
3270,9
3271,11
3272,9
3273,9
3274,8
3275,8
3276,9
3277,8
3278,10
3279,11
3280,10
3281,9
3282,8
3283,8
3284,9
3285,9
3286,8
3287,6
3288,9
3289,10
3290,9
3291,8
3292,10
3293,7
3294,8
3295,10
3296,10
3297,7
3298,7
3299,10
3300,10
3301,10
3302,8
3303,10
3304,9
3305,8
3306,8
3307,8
3308,7
3309,8
3310,8
3311,7
3312,10
3313,10
3314,10
3315,8
3316,9
3317,9
3318,7
3319,8
3320,8
3321,10
3322,9
3323,7
3324,6
3325,10
3326,8
3327,8
3328,9
3329,7
3330,8
3331,9
3332,9
3333,8
3334,7
3335,9
3336,10
3337,8
3338,7
3339,12
3340,8
3341,8
3342,8
3343,9
3344,5
3345,8
3346,11
3347,11
3348,8
3349,7
3350,8
3351,11
3352,7
3353,10
3354,9
3355,7
3356,10
3357,9
3358,9
3359,9
3360,7
3361,8
3362,8
3363,10
3364,8
3365,10
3366,11
3367,9
3368,8
3369,7
3370,10
3371,8
3372,7
3373,6
3374,10
3375,10
3376,9
3377,7
3378,9
3379,7
3380,11
3381,9
3382,9
3383,8
3384,8
3385,8
3386,7
3387,10
3388,7
3389,8
3390,9
3391,6
3392,7
3393,9
3394,8
3395,7
3396,9
3397,8
3398,8
3399,10
3400,10
3401,9
3402,7
3403,6
3404,8
3405,7
3406,9
3407,9
3408,8
3409,11
3410,7
3411,8
3412,6
3413,11
3414,11
3415,10
3416,8
3417,9
3418,8
3419,8
3420,6
3421,6
3422,11
3423,7
3424,11
3425,9
3426,10
3427,9
3428,11
3429,8
3430,8
3431,10
3432,9
3433,9
3434,7
3435,10
3436,10
3437,9
3438,8
3439,10
3440,8
3441,9
3442,8
3443,8
3444,10
3445,8
3446,9
3447,7
3448,8
3449,11
3450,9
3451,8
3452,6
3453,10
3454,11
3455,7
3456,9
3457,10
3458,11
3459,9
3460,7
3461,8
3462,11
3463,9
3464,10
3465,8
3466,7
3467,7
3468,7
3469,8
3470,7
3471,9
3472,9
3473,8
3474,8
3475,7
3476,9
3477,8
3478,6
3479,10
3480,8
3481,10
3482,10
3483,10
3484,7
3485,9
3486,8
3487,9
3488,10
3489,10
3490,7
3491,7
3492,9
3493,8
3494,8
3495,8
3496,8
3497,9
3498,12
3499,9
3500,7
3501,10
3502,12
3503,7
3504,9
3505,8
3506,11
3507,10
3508,9
3509,9
3510,10
3511,9
3512,8
3513,9
3514,8
3515,10
3516,10
3517,8
3518,12
3519,7
3520,9
3521,10
3522,9
3523,9
3524,11
3525,11
3526,10
3527,9
3528,11
3529,8
3530,6
3531,8
3532,8
3533,10
3534,8
3535,8
3536,8
3537,5
3538,9
3539,9
3540,9
3541,8
3542,8
3543,9
3544,7
3545,8
3546,10
3547,7
3548,10
3549,8
3550,6
3551,12
3552,10
3553,6
3554,9
3555,9
3556,9
3557,9
3558,10
3559,10
3560,13
3561,8
3562,8
3563,9
3564,8
3565,9
3566,8
3567,8
3568,10
3569,5
3570,10
3571,9
3572,8
3573,9
3574,9
3575,10
3576,8
3577,6
3578,9
3579,9
3580,9
3581,9
3582,6
3583,7
3584,9
3585,10
3586,8
3587,8
3588,8
3589,7
3590,9
3591,7
3592,9
3593,7
3594,10
3595,8
3596,9
3597,9
3598,8
3599,7
3600,7
3601,11
3602,9
3603,9
3604,9
3605,12
3606,10
3607,8
3608,9
3609,12
3610,9
3611,9
3612,10
3613,7
3614,10
3615,9
3616,7
3617,8
3618,8
3619,10
3620,9
3621,7
3622,8
3623,8
3624,6
3625,10
3626,11
3627,9
3628,8
3629,9
3630,9
3631,8
3632,8
3633,8
3634,9
3635,9
3636,9
3637,9
3638,10
3639,8
3640,11
3641,7
3642,7
3643,11
3644,7
3645,8
3646,11
3647,9
3648,9
3649,7
3650,8
3651,10
3652,10
3653,7
3654,9
3655,8
3656,9
3657,9
3658,9
3659,8
3660,9
3661,7
3662,8
3663,8
3664,9
3665,9
3666,8
3667,9
3668,7
3669,9
3670,8
3671,9
3672,8
3673,10
3674,10
3675,7
3676,9
3677,11
3678,8
3679,8
3680,10
3681,8
3682,10
3683,9
3684,8
3685,7
3686,9
3687,10
3688,11
3689,8
3690,9
3691,8
3692,9
3693,7
3694,6
3695,7
3696,7
3697,8
3698,13
3699,8
3700,8
3701,10
3702,8
3703,8
3704,8
3705,7
3706,8
3707,9
3708,7
3709,7
3710,8
3711,9
3712,9
3713,9
3714,9
3715,7
3716,9
3717,8
3718,7
3719,8
3720,8
3721,9
3722,9
3723,9
3724,8
3725,10
3726,9
3727,8
3728,9
3729,8
3730,9
3731,8
3732,9
3733,7
3734,7
3735,9
3736,10
3737,8
3738,10
3739,6
3740,11
3741,9
3742,11
3743,7
3744,10
3745,8
3746,8
3747,8
3748,8
3749,7
3750,10
3751,9
3752,9
3753,7
3754,11
3755,7
3756,10
3757,10
3758,9
3759,10
3760,8
3761,10
3762,7
3763,8
3764,7
3765,7
3766,9
3767,10
3768,8
3769,11
3770,7
3771,10
3772,8
3773,9
3774,10
3775,8
3776,10
3777,9
3778,9
3779,11
3780,10
3781,7
3782,9
3783,8
3784,7
3785,8
3786,6
3787,9
3788,8
3789,9
3790,7
3791,11
3792,9
3793,10
3794,7
3795,7
3796,11
3797,9
3798,10
3799,7
3800,6
3801,8
3802,9
3803,6
3804,8
3805,8
3806,7
3807,9
3808,8
3809,12
3810,9
3811,12
3812,9
3813,9
3814,7
3815,8
3816,10
3817,10
3818,9
3819,7
3820,7
3821,8
3822,8
3823,7
3824,8
3825,8
3826,8
3827,8
3828,10
3829,9
3830,10
3831,11
3832,7
3833,8
3834,6
3835,7
3836,10
3837,8
3838,12
3839,8
3840,5
3841,9
3842,9
3843,6
3844,10
3845,11
3846,11
3847,8
3848,8
3849,9
3850,9
3851,9
3852,8
3853,10
3854,9
3855,9
3856,8
3857,8
3858,8
3859,7
3860,9
3861,8
3862,9
3863,7
3864,8
3865,10
3866,8
3867,10
3868,9
3869,8
3870,8
3871,9
3872,11
3873,6
3874,8
3875,8
3876,9
3877,10
3878,7
3879,8
3880,8
3881,8
3882,9
3883,9
3884,10
3885,9
3886,10
3887,8
3888,7
3889,8
3890,7
3891,10
3892,7
3893,8
3894,9
3895,10
3896,9
3897,8
3898,8
3899,9
3900,7
3901,6
3902,8
3903,8
3904,8
3905,8
3906,10
3907,7
3908,10
3909,8
3910,8
3911,9
3912,10
3913,9
3914,6
3915,7
3916,9
3917,7
3918,10
3919,8
3920,8
3921,8
3922,8
3923,12
3924,9
3925,6
3926,9
3927,9
3928,7
3929,5
3930,8
3931,9
3932,9
3933,8
3934,8
3935,9
3936,8
3937,13
3938,10
3939,7
3940,8
3941,10
3942,8
3943,7
3944,8
3945,8
3946,8
3947,8
3948,7
3949,7
3950,9
3951,11
3952,9
3953,10
3954,7
3955,8
3956,7
3957,9
3958,8
3959,11
3960,8
3961,11
3962,7
3963,9
3964,6
3965,9
3966,8
3967,10
3968,7
3969,13
3970,8
3971,10
3972,9
3973,9
3974,10
3975,9
3976,8
3977,7
3978,8
3979,8
3980,8
3981,7
3982,10
3983,9
3984,7
3985,7
3986,8
3987,8
3988,7
3989,10
3990,8
3991,11
3992,8
3993,10
3994,9
3995,8
3996,12
3997,9
3998,7
3999,8
4000,10
4001,11
4002,10
4003,8
4004,6
4005,6
4006,10
4007,7
4008,10
4009,10
4010,10
4011,10
4012,8
4013,9
4014,10
4015,7
4016,7
4017,9
4018,8
4019,7
4020,6
4021,8
4022,8
4023,9
4024,11
4025,6
4026,9
4027,8
4028,9
4029,7
4030,8
4031,6
4032,11
4033,9
4034,9
4035,12
4036,9
4037,8
4038,8
4039,6
4040,8
4041,10
4042,9
4043,6
4044,8
4045,8
4046,9
4047,9
4048,15
4049,9
4050,10
4051,6
4052,8
4053,7
4054,9
4055,10
4056,9
4057,9
4058,8
4059,7
4060,8
4061,8
4062,7
4063,8
4064,10
4065,8
4066,9
4067,7
4068,6
4069,10
4070,11
4071,12
4072,9
4073,7
4074,8
4075,8
4076,8
4077,10
4078,9
4079,9
4080,9
4081,8
4082,10
4083,10
4084,9
4085,9
4086,11
4087,11
4088,10
4089,11
4090,9
4091,9
4092,9
4093,10
4094,9
4095,10
4096,11
4097,11
4098,9
4099,10
4100,10
4101,9
4102,10
4103,8
4104,9
4105,8
4106,12
4107,7
4108,8
4109,8
4110,10
4111,8
4112,8
4113,8
4114,8
4115,5
4116,11
4117,8
4118,11
4119,7
4120,12
4121,12
4122,9
4123,10
4124,10
4125,8
4126,8
4127,9
4128,8
4129,10
4130,11
4131,10
4132,7
4133,10
4134,10
4135,5
4136,8
4137,10
4138,8
4139,10
4140,9
4141,9
4142,8
4143,8
4144,8
4145,8
4146,7
4147,10
4148,10
4149,7
4150,8
4151,10
4152,10
4153,9
4154,8
4155,8
4156,8
4157,9
4158,9
4159,9
4160,8
4161,6
4162,7
4163,8
4164,7
4165,5
4166,8
4167,7
4168,7
4169,7
4170,8
4171,9
4172,8
4173,9
4174,7
4175,8
4176,9
4177,9
4178,11
4179,8
4180,8
4181,8
4182,10
4183,10
4184,9
4185,8
4186,9
4187,9
4188,6
4189,8
4190,11
4191,9
4192,5
4193,9
4194,10
4195,7
4196,8
4197,12
4198,7
4199,7
4200,7
4201,7
4202,9
4203,6
4204,10
4205,9
4206,8
4207,7
4208,11
4209,9
4210,7
4211,10
4212,10
4213,8
4214,8
4215,8
4216,9
4217,9
4218,9
4219,10
4220,8
4221,7
4222,8
4223,9
4224,7
4225,9
4226,7
4227,8
4228,9
4229,5
4230,8
4231,8
4232,9
4233,9
4234,10
4235,8
4236,10
4237,8
4238,8
4239,8
4240,8
4241,8
4242,9
4243,10
4244,10
4245,8
4246,7
4247,8
4248,8
4249,11
4250,9
4251,9
4252,7
4253,9
4254,12
4255,9
4256,8
4257,9
4258,7
4259,6
4260,7
4261,12
4262,11
4263,11
4264,9
4265,8
4266,8
4267,8
4268,9
4269,7
4270,8
4271,9
4272,8
4273,9
4274,9
4275,9
4276,9
4277,7
4278,9
4279,11
4280,9
4281,11
4282,6
4283,9
4284,9
4285,8
4286,9
4287,6
4288,8
4289,8
4290,9
4291,9
4292,10
4293,10
4294,11
4295,10
4296,8
4297,8
4298,11
4299,7
4300,8
4301,6
4302,9
4303,7
4304,10
4305,10
4306,9
4307,8
4308,9
4309,10
4310,9
4311,9
4312,9
4313,6
4314,11
4315,10
4316,10
4317,6
4318,8
4319,8
4320,7
4321,8
4322,9
4323,10
4324,7
4325,6
4326,9
4327,8
4328,7
4329,11
4330,8
4331,7
4332,8
4333,9
4334,11
4335,8
4336,7
4337,6
4338,8
4339,8
4340,6
4341,11
4342,8
4343,7
4344,8
4345,9
4346,10
4347,8
4348,11
4349,9
4350,10
4351,12
4352,7
4353,7
4354,10
4355,7
4356,9
4357,7
4358,8
4359,8
4360,7
4361,8
4362,9
4363,10
4364,8
4365,8
4366,7
4367,11
4368,10
4369,9
4370,6
4371,9
4372,9
4373,9
4374,11
4375,9
4376,9
4377,7
4378,9
4379,8
4380,9
4381,8
4382,7
4383,10
4384,10
4385,10
4386,9
4387,7
4388,11
4389,9
4390,10
4391,7
4392,8
4393,10
4394,8
4395,8
4396,8
4397,9
4398,7
4399,9
4400,8
4401,8
4402,8
4403,8
4404,7
4405,9
4406,9
4407,8
4408,9
4409,10
4410,7
4411,10
4412,9
4413,9
4414,10
4415,9
4416,6
4417,10
4418,10
4419,7
4420,9
4421,10
4422,9
4423,7
4424,9
4425,8
4426,9
4427,9
4428,7
4429,10
4430,9
4431,8
4432,7
4433,8
4434,10
4435,8
4436,8
4437,9
4438,7
4439,9
4440,9
4441,5
4442,9
4443,14
4444,12
4445,9
4446,12
4447,9
4448,9
4449,6
4450,7
4451,9
4452,9
4453,6
4454,8
4455,10
4456,10
4457,8
4458,8
4459,5
4460,8
4461,11
4462,10
4463,8
4464,8
4465,8
4466,11
4467,8
4468,8
4469,7
4470,9
4471,6
4472,9
4473,11
4474,9
4475,10
4476,9
4477,10
4478,7
4479,8
4480,9
4481,9
4482,10
4483,9
4484,8
4485,11
4486,8
4487,7
4488,7
4489,11
4490,9
4491,9
4492,6
4493,6
4494,6
4495,7
4496,9
4497,7
4498,7
4499,9
4500,7
4501,10
4502,7
4503,7
4504,7
4505,8
4506,6
4507,6
4508,10
4509,8
4510,11
4511,7
4512,8
4513,11
4514,7
4515,9
4516,9
4517,8
4518,9
4519,10
4520,8
4521,8
4522,10
4523,9
4524,8
4525,6
4526,12
4527,8
4528,10
4529,6
4530,6
4531,9
4532,8
4533,9
4534,9
4535,9
4536,10
4537,8
4538,8
4539,9
4540,8
4541,10
4542,11
4543,9
4544,9
4545,14
4546,9
4547,8
4548,10
4549,9
4550,7
4551,10
4552,7
4553,10
4554,10
4555,9
4556,7
4557,10
4558,8
4559,6
4560,8
4561,9
4562,8
4563,8
4564,11
4565,9
4566,10
4567,12
4568,9
4569,8
4570,9
4571,10
4572,9
4573,11
4574,6
4575,9
4576,12
4577,8
4578,9
4579,12
4580,7
4581,8
4582,8
4583,10
4584,6
4585,9
4586,8
4587,9
4588,8
4589,9
4590,8
4591,9
4592,8
4593,8
4594,7
4595,9
4596,8
4597,12
4598,11
4599,9
4600,8
4601,10
4602,13
4603,9
4604,9
4605,10
4606,9
4607,12
4608,9
4609,9
4610,8
4611,8
4612,7
4613,7
4614,8
4615,11
4616,8
4617,10
4618,10
4619,15
4620,9
4621,6
4622,9
4623,8
4624,9
4625,11
4626,8
4627,10
4628,8
4629,6
4630,7
4631,12
4632,11
4633,9
4634,8
4635,7
4636,10
4637,6
4638,9
4639,9
4640,8
4641,8
4642,12
4643,8
4644,10
4645,9
4646,7
4647,9
4648,6
4649,9
4650,8
4651,9
4652,7
4653,9
4654,10
4655,9
4656,7
4657,9
4658,7
4659,8
4660,11
4661,10
4662,9
4663,9
4664,8
4665,10
4666,10
4667,8
4668,6
4669,11
4670,7
4671,8
4672,10
4673,8
4674,8
4675,6
4676,8
4677,6
4678,7
4679,9
4680,8
4681,8
4682,9
4683,10
4684,9
4685,11
4686,10
4687,9
4688,10
4689,8
4690,7
4691,10
4692,8
4693,8
4694,8
4695,9
4696,7
4697,7
4698,9
4699,8
4700,8
4701,9
4702,9
4703,9
4704,10
4705,7
4706,8
4707,9
4708,8
4709,7
4710,10
4711,8
4712,8
4713,7
4714,8
4715,9
4716,8
4717,11
4718,8
4719,8
4720,8
4721,8
4722,8
4723,9
4724,10
4725,9
4726,8
4727,8
4728,9
4729,12
4730,8
4731,8
4732,8
4733,9
4734,9
4735,9
4736,7
4737,10
4738,10
4739,6
4740,8
4741,7
4742,8
4743,8
4744,9
4745,8
4746,5
4747,8
4748,8
4749,10
4750,7
4751,10
4752,11
4753,7
4754,8
4755,9
4756,6
4757,8
4758,9
4759,6
4760,10
4761,7
4762,8
4763,10
4764,10
4765,7
4766,8
4767,10
4768,10
4769,9
4770,10
4771,6
4772,7
4773,8
4774,7
4775,8
4776,7
4777,7
4778,8
4779,6
4780,8
4781,11
4782,7
4783,8
4784,7
4785,9
4786,9
4787,8
4788,7
4789,11
4790,10
4791,8
4792,7
4793,8
4794,14
4795,7
4796,8
4797,6
4798,10
4799,9
4800,8
4801,7
4802,7
4803,8
4804,6
4805,7
4806,9
4807,10
4808,8
4809,7
4810,9
4811,10
4812,9
4813,10
4814,10
4815,9
4816,10
4817,9
4818,8
4819,8
4820,8
4821,8
4822,8
4823,8
4824,9
4825,9
4826,12
4827,11
4828,11
4829,8
4830,7
4831,9
4832,11
4833,10
4834,7
4835,7
4836,9
4837,9
4838,6
4839,9
4840,10
4841,10
4842,7
4843,11
4844,10
4845,6
4846,7
4847,10
4848,8
4849,9
4850,9
4851,9
4852,8
4853,10
4854,10
4855,8
4856,5
4857,9
4858,11
4859,9
4860,9
4861,9
4862,10
4863,10
4864,7
4865,9
4866,9
4867,10
4868,7
4869,9
4870,12
4871,9
4872,12
4873,8
4874,6
4875,11
4876,12
4877,8
4878,10
4879,9
4880,9
4881,9
4882,7
4883,7
4884,10
4885,9
4886,8
4887,7
4888,8
4889,7
4890,14
4891,7
4892,8
4893,8
4894,10
4895,8
4896,8
4897,7
4898,10
4899,9
4900,10
4901,9
4902,9
4903,9
4904,7
4905,8
4906,8
4907,10
4908,11
4909,8
4910,7
4911,9
4912,8
4913,9
4914,12
4915,10
4916,7
4917,10
4918,8
4919,8
4920,9
4921,11
4922,6
4923,10
4924,9
4925,11
4926,9
4927,10
4928,9
4929,10
4930,7
4931,12
4932,8
4933,7
4934,8
4935,8
4936,6
4937,9
4938,9
4939,6
4940,11
4941,7
4942,10
4943,7
4944,8
4945,10
4946,8
4947,10
4948,7
4949,6
4950,8
4951,9
4952,7
4953,10
4954,9
4955,9
4956,8
4957,8
4958,9
4959,8
4960,7
4961,9
4962,8
4963,9
4964,8
4965,8
4966,11
4967,8
4968,10
4969,8
4970,9
4971,10
4972,9
4973,8
4974,10
4975,8
4976,10
4977,7
4978,7
4979,7
4980,9
4981,11
4982,11
4983,10
4984,10
4985,6
4986,9
4987,7
4988,10
4989,7
4990,9
4991,8
4992,9
4993,9
4994,9
4995,9
4996,11
4997,8
4998,7
4999,15
5000,6
