Episode,Duration
1,0.00079452
2,0.000642614
3,0.000501464
4,0.000484772
5,0.000450619
6,0.000519064
7,0.0005206
8,0.000515292
9,0.000582829
10,0.00161795
11,0.00053834
12,0.000500975
13,0.000541274
14,0.00047667
15,0.000470873
16,0.000452924
17,0.000461235
18,0.000555242
19,0.00170651
20,0.000450759
21,0.000473457
22,0.000501394
23,0.000488753
24,0.00047234
25,0.000495038
26,0.000439304
27,0.000506562
28,0.000552727
29,0.00153785
30,0.000423939
31,0.000471571
32,0.000445241
33,0.000533033
34,0.000460048
35,0.000459488
36,0.000465356
37,0.000466543
38,0.00149538
39,0.000462492
40,0.000439375
41,0.000455368
42,0.000474296
43,0.000453902
44,0.000468428
45,0.000446638
46,0.000459209
47,0.000595401
48,0.00189879
49,0.000456206
50,0.000368624
51,0.00045907
52,0.000413464
53,0.000422962
54,0.000442657
55,0.000433717
56,0.000460537
57,0.000425057
58,0.00160035
59,0.000420587
60,0.000408364
61,0.000436231
62,0.000442238
63,0.000451807
64,0.000412835
65,0.00043274
66,0.000408574
67,0.000455647
68,0.000524651
69,0.00177119
70,0.000480441
71,0.000481489
72,0.000463609
73,0.000536734
74,0.000512639
75,0.000485191
76,0.000474016
77,0.000487006
78,0.000490848
79,0.000491965
80,0.000522905
81,0.00157919
82,0.00041465
83,0.000427502
84,0.000471013
85,0.000469336
86,0.000435463
87,0.000426105
88,0.00155663
89,0.00051627
90,0.000461025
91,0.000462912
92,0.00052542
93,0.000533451
94,0.000482607
95,0.000444473
96,0.00162263
97,0.000442796
98,0.000430994
99,0.000439235
100,0.000508168
101,0.000517457
102,0.000449921
103,0.000468638
104,0.000452784
105,0.000562157
106,0.000515712
107,0.000397051
108,0.000416187
109,0.000354866
110,0.000416257
111,0.000422193
112,0.000404174
113,0.000367926
114,0.0014562
115,0.000340828
116,0.000306396
117,0.000316593
118,0.000320155
119,0.000304231
120,0.000308212
121,0.000335939
122,0.000319596
123,0.000320853
124,0.000348231
125,0.000359825
126,0.000371767
127,0.00045006
128,0.000474226
129,0.000483654
130,0.000435463
131,0.00051194
132,0.000417654
133,0.000483166
134,0.000479743
135,0.000513337
136,0.000470175
137,0.00206138
138,0.00033978
139,0.00039719
140,0.000414581
141,0.000474156
142,0.000424568
143,0.000460607
144,0.00043714
145,0.0005294
146,0.000503699
147,0.00048547
148,0.000442168
149,0.000406549
150,0.000461445
151,0.000470873
152,0.000442937
153,0.000465495
154,0.000448244
155,0.000393628
156,0.000455368
157,0.000440631
158,0.000402847
159,0.000417724
160,0.000422263
161,0.00149175
162,0.00040159
163,0.000384199
164,0.000387133
165,0.000416047
166,0.000411508
167,0.000403126
168,0.000420377
169,0.000402917
170,0.000398866
171,0.000401591
172,0.000417305
173,0.000438677
174,0.000404803
175,0.000432111
176,0.00038399
177,0.000429247
178,0.000425336
179,0.000445939
180,0.000480442
181,0.000455438
182,0.000428688
183,0.0004414
184,0.000411787
185,0.000486727
186,0.000443076
187,0.00202953
188,0.000426034
189,0.000478067
190,0.000506563
191,0.000444263
192,0.000416117
193,0.000316523
194,0.000417234
195,0.000446987
196,0.000377774
197,0.000411158
198,0.000372606
199,0.000378682
200,0.000399425
201,0.000491267
202,0.000488054
203,0.000429736
204,0.000477717
205,0.00042359
206,0.000468568
207,0.000416885
208,0.000474086
209,0.000455159
210,0.000452085
211,0.000475692
212,0.0004414
213,0.000476112
214,0.000403476
215,0.00141374
216,0.000276294
217,0.000276084
218,0.000258414
219,0.000285722
220,0.000269869
221,0.000274897
222,0.000299132
223,0.000280205
224,0.000263653
225,0.000274059
226,0.000293336
227,0.000263303
228,0.00027825
229,0.00027357
230,0.00028237
231,0.000278599
232,0.000274897
233,0.000289354
234,0.000276294
235,0.000277481
236,0.000272941
237,0.000279926
238,0.000278529
239,0.000273221
240,0.000332865
241,0.000265399
242,0.000280415
243,0.00026903
244,0.000315615
245,0.00132902
246,0.000341456
247,0.000339501
248,0.00026931
249,0.000261418
250,0.000289914
251,0.00026917
252,0.000263443
253,0.00027804
254,0.000351583
255,0.000331748
256,0.000323646
257,0.000337266
258,0.000336916
259,0.000337895
260,0.000341108
261,0.000318898
262,0.000317221
263,0.000314707
264,0.000337615
265,0.000311564
266,0.000326231
267,0.000307793
268,0.000317012
269,0.00033957
270,0.000296408
271,0.00032225
272,0.000342574
273,0.00032679
274,0.000320783
275,0.00142666
276,0.000298084
277,0.000310028
278,0.00031771
279,0.000310447
280,0.000321551
281,0.000298853
282,0.000258973
283,0.000272103
284,0.000274199
285,0.000281113
286,0.000272942
287,0.000273989
288,0.000292706
289,0.000255691
290,0.00026477
291,0.000271824
292,0.0002779
293,0.000267215
294,0.000356403
295,0.000298573
296,0.0002779
297,0.000287748
298,0.000275106
299,0.000286212
300,0.000276155
301,0.000447965
302,0.00033985
303,0.000337685
304,0.00036611
305,0.000328466
306,0.00146779
307,0.000289563
308,0.00031792
309,0.000301925
310,0.000324974
311,0.000303183
312,0.000322879
313,0.000330281
314,0.000306186
315,0.000319387
316,0.000330212
317,0.000323926
318,0.000323646
319,0.00035298
320,0.000304091
321,0.000326999
322,0.000310167
323,0.000275595
324,0.000281462
325,0.000272732
326,0.000288586
327,0.000273291
328,0.000274758
329,0.000310726
330,0.000268891
331,0.00026477
332,0.000279717
333,0.000297806
334,0.000277063
335,0.000281882
336,0.000307025
337,0.000302485
338,0.00129501
339,0.000272034
340,0.00027776
341,0.000259532
342,0.000268611
343,0.000289075
344,0.000269868
345,0.000258135
346,0.000262395
347,0.000258065
348,0.000290263
349,0.000280904
350,0.000270287
351,0.000280345
352,0.000263792
353,0.000264351
354,0.000269939
355,0.000272732
356,0.000267983
357,0.000276783
358,0.000364364
359,0.000336777
360,0.000310446
361,0.000306675
362,0.000275875
363,0.000274827
364,0.000289494
365,0.000284815
366,0.000275107
367,0.000279926
368,0.00028244
369,0.000281881
370,0.000280833
371,0.000296828
372,0.00119967
373,0.000281043
374,0.000262954
375,0.000279716
376,0.000266027
377,0.000260999
378,0.000259253
379,0.00028286
380,0.000259043
381,0.000261976
382,0.000267704
383,0.000284325
384,0.000277621
385,0.000262465
386,0.000274059
387,0.000257157
388,0.000262256
389,0.000268682
390,0.000289075
391,0.000262954
392,0.000283418
393,0.000276853
394,0.000281463
395,0.000279647
396,0.000263792
397,0.000293195
398,0.000266656
399,0.000261557
400,0.000268471
401,0.000278948
402,0.000270916
403,0.000279995
404,0.000280554
405,0.000279018
406,0.000279297
407,0.000276014
408,0.00121001
409,0.00027797
410,0.000261348
411,0.000271056
412,0.000275176
413,0.000264631
414,0.000265678
415,0.000298923
416,0.000265469
417,0.000269589
418,0.000272871
419,0.000276434
420,0.000265119
421,0.000279995
422,0.000274758
423,0.000269101
424,0.00025597
425,0.000271894
426,0.000294383
427,0.000271475
428,0.000274548
429,0.0002823
430,0.00027378
431,0.000279158
432,0.000268332
433,0.000288167
434,0.00025618
435,0.000272802
436,0.000268402
437,0.000293964
438,0.000265538
439,0.000261977
440,0.000282091
441,0.000276224
442,0.000283208
443,0.000270707
444,0.0012487
445,0.000267703
446,0.00026505
447,0.000251989
448,0.00026938
449,0.000270917
450,0.000253455
451,0.000269659
452,0.000277202
453,0.000269101
454,0.000265609
455,0.000280694
456,0.000267564
457,0.000267214
458,0.000270986
459,0.000286002
460,0.000275386
461,0.00026477
462,0.000271056
463,0.000276783
464,0.000278669
465,0.000260929
466,0.000291031
467,0.000282579
468,0.000268681
469,0.000268053
470,0.000301646
471,0.00026016
472,0.000287678
473,0.000285094
474,0.000270986
475,0.000274408
476,0.000260929
477,0.0002691
478,0.00028265
479,0.00027804
480,0.00129033
481,0.000298155
482,0.000263094
483,0.000266377
484,0.000289075
485,0.000259462
486,0.000276503
487,0.000273221
488,0.000271056
489,0.000269939
490,0.000268052
491,0.000257157
492,0.000276643
493,0.000264351
494,0.000261557
495,0.000287189
496,0.00026051
497,0.000269728
498,0.000272034
499,0.000265328
500,0.000371558
501,0.000290821
502,0.00029152
503,0.00028237
504,0.00026938
505,0.00028223
506,0.000274827
507,0.000271754
508,0.000280135
509,0.000287888
510,0.000271824
511,0.000269939
512,0.000296897
513,0.000276364
514,0.00037966
515,0.000336428
516,0.000367996
517,0.000344459
518,0.00132657
519,0.000276364
520,0.000260021
521,0.000255272
522,0.000274688
523,0.0002603
524,0.00025143
525,0.00024717
526,0.000268192
527,0.00026449
528,0.000253386
529,0.000360733
530,0.000353679
531,0.000350186
532,0.000367926
533,0.000357031
534,0.000336777
535,0.000376308
536,0.000346066
537,0.000350675
538,0.00038839
539,0.00041046
540,0.000447476
541,0.000394396
542,0.000368206
543,0.000462911
544,0.000408644
545,0.000364015
546,0.00034872
547,0.000389787
548,0.000434764
549,0.000368625
550,0.000417933
551,0.000404593
552,0.000422892
553,0.000438536
554,0.000394326
555,0.000395863
556,0.000387203
557,0.000397819
558,0.00148644
559,0.000452993
560,0.000366809
561,0.000362549
562,0.000380149
563,0.000365273
564,0.000393419
565,0.000380707
566,0.000404244
567,0.000380917
568,0.000349419
569,0.000408994
570,0.000383501
571,0.000373933
572,0.000366739
573,0.000399564
574,0.000368834
575,0.000393139
576,0.00038846
577,0.000394466
578,0.000416746
579,0.000375469
580,0.000426733
581,0.000378682
582,0.000398168
583,0.000391812
584,0.000394187
585,0.000404593
586,0.000384968
587,0.00039719
588,0.000395584
589,0.00040571
590,0.000404454
591,0.000375121
592,0.000351304
593,0.00033531
594,0.000292986
595,0.000274199
596,0.000310447
597,0.000275246
598,0.000350186
599,0.00175659
600,0.000372535
601,0.000405082
602,0.000360454
603,0.000391603
604,0.000409622
605,0.000417794
606,0.000383291
607,0.000364783
608,0.00027825
609,0.000316313
610,0.0003175
611,0.000340618
612,0.000266796
613,0.000281323
614,0.000402917
615,0.00039747
616,0.000308072
617,0.000274618
618,0.000281322
619,0.000281183
620,0.00030032
621,0.000343062
622,0.00035298
623,0.000307095
624,0.000308631
625,0.000334542
626,0.000322948
627,0.000313729
628,0.000309608
629,0.000309608
630,0.000292218
631,0.000323088
632,0.000307024
633,0.000301646
634,0.000314637
635,0.000318199
636,0.000309468
637,0.000314148
638,0.000326161
639,0.000298503
640,0.000311285
641,0.000325323
642,0.000394606
643,0.000359476
644,0.000359685
645,0.00140815
646,0.000347043
647,0.000307304
648,0.000312332
649,0.000294452
650,0.000299412
651,0.000319177
652,0.000301926
653,0.000315545
654,0.000289145
655,0.000318968
656,0.000365412
657,0.000299062
658,0.000313869
659,0.000375399
660,0.00041493
661,0.00040613
662,0.000343761
663,0.000333774
664,0.000348371
665,0.000306606
666,0.000403476
667,0.000445101
668,0.000370371
669,0.00028691
670,0.000311076
671,0.000267773
672,0.000281951
673,0.00028677
674,0.000260021
675,0.000263234
676,0.000271824
677,0.000283348
678,0.00028244
679,0.000264979
680,0.000272034
681,0.000407946
682,0.000524023
683,0.000303462
684,0.000285723
685,0.000458721
686,0.000550981
687,0.000544137
688,0.000455228
689,0.000315545
690,0.000350675
691,0.00134033
692,0.000276084
693,0.000270846
694,0.000257576
695,0.000276294
696,0.000259532
697,0.000270148
698,0.00026491
699,0.000321971
700,0.000271615
701,0.000352142
702,0.000289773
703,0.000254783
704,0.000254852
705,0.000282021
706,0.000261069
707,0.000257577
708,0.000275875
709,0.00027804
710,0.000265049
711,0.000262326
712,0.000273501
713,0.000271266
714,0.000267983
715,0.000270287
716,0.000276923
717,0.000285303
718,0.000255481
719,0.000267913
720,0.00028649
721,0.000270288
722,0.000276154
723,0.000272522
724,0.000274268
725,0.000276853
726,0.00026002
727,0.000277132
728,0.000258135
729,0.000269449
730,0.000250453
731,0.000287679
732,0.000279996
733,0.000290891
734,0.000269938
735,0.000278179
736,0.000261348
737,0.000263024
738,0.00138482
739,0.000249964
740,0.000265189
741,0.000252198
742,0.000270427
743,0.000252408
744,0.000260998
745,0.000265957
746,0.000262745
747,0.000269729
748,0.000263303
749,0.000270288
750,0.000264351
751,0.000268402
752,0.000257297
753,0.000278319
754,0.000255761
755,0.000261907
756,0.000259183
757,0.000296339
758,0.000277411
759,0.000260579
760,0.000274478
761,0.000266795
762,0.000263862
763,0.000272802
764,0.000287887
765,0.0002691
766,0.000252408
767,0.000264631
768,0.000275107
769,0.000278668
770,0.000253805
771,0.000284814
772,0.000250662
773,0.000253246
774,0.00027811
775,0.000288586
776,0.000276923
777,0.000273012
778,0.000271824
779,0.000283837
780,0.000269938
781,0.000261348
782,0.000276643
783,0.000276574
784,0.000267075
785,0.000263792
786,0.00028272
787,0.000266726
788,0.00125052
789,0.000268751
790,0.000280973
791,0.000260021
792,0.00025597
793,0.000267982
794,0.000268751
795,0.000256669
796,0.000253596
797,0.00027804
798,0.000253316
799,0.00026917
800,0.000258275
801,0.000281253
802,0.000272802
803,0.000260789
804,0.000285234
805,0.000275247
806,0.000269589
807,0.000270218
808,0.000274897
809,0.000257646
810,0.00026051
811,0.000271195
812,0.000259532
813,0.000261347
814,0.000253805
815,0.000274059
816,0.000261907
817,0.000257576
818,0.000252827
819,0.000286002
820,0.000258065
821,0.000271894
822,0.00026009
823,0.000272523
824,0.000255201
825,0.000257087
826,0.000283837
827,0.000253595
828,0.000259043
829,0.000259602
830,0.000275666
831,0.000266097
832,0.000270847
833,0.000267145
834,0.000285722
835,0.000263653
836,0.00026037
837,0.000273012
838,0.000271336
839,0.000280904
840,0.000270008
841,0.000289913
842,0.000254992
843,0.000271964
844,0.000269449
845,0.000280694
846,0.000276154
847,0.000266656
848,0.000261068
849,0.00133838
850,0.000253037
851,0.000262465
852,0.000273221
853,0.000240116
854,0.000258415
855,0.000246821
856,0.000270288
857,0.000265259
858,0.000251151
859,0.000262675
860,0.000283628
861,0.000252339
862,0.000268891
863,0.000254364
864,0.000275246
865,0.000259602
866,0.000261627
867,0.000272453
868,0.000253316
869,0.000265818
870,0.000261138
871,0.000264281
872,0.000252827
873,0.00026051
874,0.000245424
875,0.000287678
876,0.000257157
877,0.000292009
878,0.000323647
879,0.000268123
880,0.000259532
881,0.000264281
882,0.000279437
883,0.000271824
884,0.000267774
885,0.000267005
886,0.000276155
887,0.000259532
888,0.000261837
889,0.000253735
890,0.000262675
891,0.000267075
892,0.000257157
893,0.0002691
894,0.000249614
895,0.000268192
896,0.000268472
897,0.000284814
898,0.000268961
899,0.000297526
900,0.000319875
901,0.000293056
902,0.000290053
903,0.000285303
904,0.000302974
905,0.000244377
906,0.000260021
907,0.000264421
908,0.000270776
909,0.000264141
910,0.00027811
911,0.000256668
912,0.000259183
913,0.000280694
914,0.00029138
915,0.000268961
916,0.000257437
917,0.000268611
918,0.00028237
919,0.000265189
920,0.00122733
921,0.000267773
922,0.000275665
923,0.000248986
924,0.000263583
925,0.000267145
926,0.000252408
927,0.000252408
928,0.000267284
929,0.000262675
930,0.000249055
931,0.000249894
932,0.00025569
933,0.000268891
934,0.000266167
935,0.000244795
936,0.000251989
937,0.000273081
938,0.000253805
939,0.000258694
940,0.000250802
941,0.000266517
942,0.000244237
943,0.000242281
944,0.000257577
945,0.000278879
946,0.000259113
947,0.000258065
948,0.000265329
949,0.000284465
950,0.00026903
951,0.000261906
952,0.000280066
953,0.000262185
954,0.00026484
955,0.00026051
956,0.000277133
957,0.000265539
958,0.000264631
959,0.00027399
960,0.000257647
961,0.000276992
962,0.000272732
963,0.000258554
964,0.000254852
965,0.000257367
966,0.000269659
967,0.000273081
968,0.000245773
969,0.000271405
970,0.00026044
971,0.000277481
972,0.000262605
973,0.000263932
974,0.000257158
975,0.000279437
976,0.00026065
977,0.000258345
978,0.000274268
979,0.000258554
980,0.000266377
981,0.000263653
982,0.000278389
983,0.000264351
984,0.000271125
985,0.000267285
986,0.000270847
987,0.000253386
988,0.000258834
989,0.000265329
990,0.000281392
991,0.000261487
992,0.000254504
993,0.000285723
994,0.000258066
995,0.000259532
996,0.000259672
997,0.00128264
998,0.000258624
999,0.000256738
1000,0.000478277
1001,0.000453762
1002,0.000448384
1003,0.000271754
1004,0.000384129
1005,0.000338244
1006,0.00030018
1007,0.000300878
1008,0.000349418
1009,0.000422962
1010,0.000283627
1011,0.000301297
1012,0.000329863
1013,0.00032679
1014,0.00035745
1015,0.000336079
1016,0.000349209
1017,0.000359895
1018,0.000326371
1019,0.000356821
1020,0.000361501
1021,0.000339082
1022,0.000318688
1023,0.000365901
1024,0.000332796
1025,0.000431343
1026,0.000410391
1027,0.000370301
1028,0.00038839
1029,0.000426453
1030,0.000436022
1031,0.000378053
1032,0.000386924
1033,0.000402358
1034,0.000374701
1035,0.00040159
1036,0.00041507
1037,0.000411019
1038,0.000400123
1039,0.000417025
1040,0.000399006
1041,0.000436162
1042,0.000346346
1043,0.000403267
1044,0.000399355
1045,0.000394745
1046,0.000377285
1047,0.000342923
1048,0.000365901
1049,0.000400263
1050,0.000418073
1051,0.000414441
1052,0.00038399
1053,0.000384339
1054,0.000409273
1055,0.00034865
1056,0.000402707
1057,0.000384478
1058,0.00039272
1059,0.000384269
1060,0.000440282
1061,0.000412974
1062,0.000372606
1063,0.000378124
1064,0.000356822
1065,0.000424847
1066,0.000400054
1067,0.000376307
1068,0.000444682
1069,0.000364714
1070,0.000386784
1071,0.000386225
1072,0.000411158
1073,0.000369603
1074,0.000505375
1075,0.000470733
1076,0.000308072
1077,0.000295919
1078,0.000347951
1079,0.000311425
1080,0.00176232
1081,0.000318199
1082,0.000294802
1083,0.000322669
1084,0.000463819
1085,0.000293894
1086,0.000315685
1087,0.000354936
1088,0.000312472
1089,0.000271126
1090,0.000265818
1091,0.000255691
1092,0.000262815
1093,0.000329793
1094,0.000404733
1095,0.000483934
1096,0.000387762
1097,0.000370581
1098,0.000356262
1099,0.000463121
1100,0.00039705
1101,0.000387273
1102,0.000364295
1103,0.000370162
1104,0.000299621
1105,0.000362619
1106,0.000333634
1107,0.000299272
1108,0.000306396
1109,0.000301157
1110,0.000366809
1111,0.000369951
1112,0.000275386
1113,0.000318688
1114,0.000361781
1115,0.00029145
1116,0.000288586
1117,0.000282929
1118,0.000315545
1119,0.000333774
1120,0.000310307
1121,0.000381406
1122,0.000302135
1123,0.00033112
1124,0.000329863
1125,0.000302973
1126,0.000259462
1127,0.00026044
1128,0.000257367
1129,0.000341037
1130,0.000360244
1131,0.000301228
1132,0.000306745
1133,0.000350605
1134,0.00030898
1135,0.000294941
1136,0.000266097
1137,0.000265608
1138,0.000268891
1139,0.000318688
1140,0.000387343
1141,0.000404453
1142,0.000322459
1143,0.00037952
1144,0.000301437
1145,0.000276713
1146,0.000266586
1147,0.000253875
1148,0.00037994
1149,0.000363806
1150,0.000377006
1151,0.000329933
1152,0.00038364
1153,0.000328536
1154,0.000266586
1155,0.000273221
1156,0.000279995
1157,0.000296199
1158,0.000281182
1159,0.000395095
1160,0.000304301
1161,0.00036625
1162,0.000306465
1163,0.000300389
1164,0.000268821
1165,0.000267634
1166,0.0002471
1167,0.000411717
1168,0.000349278
1169,0.000346555
1170,0.000346345
1171,0.000359335
1172,0.000314148
1173,0.000310168
1174,0.0014284
1175,0.000351164
1176,0.00034872
1177,0.000325114
1178,0.000312053
1179,0.000293615
1180,0.000288237
1181,0.000361501
1182,0.000378682
1183,0.000281532
1184,0.000311495
1185,0.000380219
1186,0.000300459
1187,0.000329722
1188,0.00039712
1189,0.00030926
1190,0.000308352
1191,0.000287958
1192,0.000411926
1193,0.000302275
1194,0.000301018
1195,0.000345507
1196,0.000319316
1197,0.000284814
1198,0.000295361
1199,0.000331539
1200,0.000397121
1201,0.000286771
1202,0.000264631
1203,0.000342365
1204,0.000310936
1205,0.000311983
1206,0.000351584
1207,0.000294244
1208,0.000312472
1209,0.000279367
1210,0.000302904
1211,0.00039272
1212,0.000372676
1213,0.000306187
1214,0.000330771
1215,0.000339919
1216,0.000257157
1217,0.000287678
1218,0.000255272
1219,0.000275525
1220,0.000252478
1221,0.000291939
1222,0.000259043
1223,0.000376796
1224,0.000321552
1225,0.000353958
1226,0.000301856
1227,0.000293265
1228,0.00028698
1229,0.000274548
1230,0.000329653
1231,0.000412974
1232,0.000294243
1233,0.000328256
1234,0.000354028
1235,0.000272802
1236,0.000258415
1237,0.000266796
1238,0.000255202
1239,0.000257507
1240,0.000271685
1241,0.000256249
1242,0.000294313
1243,0.000337056
1244,0.000301576
1245,0.000357171
1246,0.000279158
1247,0.000275944
1248,0.000253805
1249,0.000266167
1250,0.000260929
1251,0.000414371
1252,0.000367437
1253,0.000300878
1254,0.000295151
1255,0.000331679
1256,0.000257647
1257,0.000275456
1258,0.000269589
1259,0.000265119
1260,0.000255201
1261,0.000257367
1262,0.000270078
1263,0.000359126
1264,0.000322041
1265,0.000349977
1266,0.000297316
1267,0.000264281
1268,0.000270707
1269,0.000256669
1270,0.000268611
1271,0.000380149
1272,0.000372047
1273,0.000293335
1274,0.000331958
1275,0.000358148
1276,0.000255691
1277,0.000277412
1278,0.000327278
1279,0.000352561
1280,0.00171978
1281,0.000332028
1282,0.000329513
1283,0.000277621
1284,0.000334263
1285,0.000425546
1286,0.000420168
1287,0.000346415
1288,0.00034397
1289,0.000286281
1290,0.000466404
1291,0.000386434
1292,0.000316523
1293,0.000303742
1294,0.000283837
1295,0.000278599
1296,0.000377006
1297,0.000270706
1298,0.000284326
1299,0.000407108
1300,0.000287678
1301,0.000284396
1302,0.000272593
1303,0.000267704
1304,0.000261347
1305,0.000244377
1306,0.000267774
1307,0.000248637
1308,0.000272941
1309,0.000259602
1310,0.000276922
1311,0.000252827
1312,0.000262395
1313,0.000261907
1314,0.00025171
1315,0.000250103
1316,0.000253875
1317,0.000263164
1318,0.000258764
1319,0.000251221
1320,0.000250103
1321,0.000265678
1322,0.000250034
1323,0.000250173
1324,0.00024256
1325,0.000261348
1326,0.000253875
1327,0.000258275
1328,0.000249195
1329,0.000277691
1330,0.000245983
1331,0.000246402
1332,0.000254224
1333,0.000289564
1334,0.000360034
1335,0.000254503
1336,0.000262954
1337,0.000265049
1338,0.000252688
1339,0.000255063
1340,0.000259044
1341,0.000246821
1342,0.000272522
1343,0.000259811
1344,0.000277342
1345,0.000246262
1346,0.000254783
1347,0.000252617
1348,0.000274478
1349,0.000254713
1350,0.000253805
1351,0.000250243
1352,0.000276573
1353,0.000258135
1354,0.00024284
1355,0.000274688
1356,0.000263233
1357,0.000245354
1358,0.00026037
1359,0.00028698
1360,0.000250522
1361,0.000267983
1362,0.000257576
1363,0.000257367
1364,0.00026058
1365,0.000312681
1366,0.000288656
1367,0.000294383
1368,0.000293335
1369,0.000296687
1370,0.000321761
1371,0.000316243
1372,0.000270846
1373,0.000324345
1374,0.00026477
1375,0.000279995
1376,0.000274897
1377,0.000286002
1378,0.000290541
1379,0.000289075
1380,0.000312472
1381,0.00029557
1382,0.00026917
1383,0.000270288
1384,0.000268821
1385,0.000244865
1386,0.000256668
1387,0.000270986
1388,0.000258065
1389,0.000250801
1390,0.000265748
1391,0.000296129
1392,0.000244796
1393,0.000256389
1394,0.000268193
1395,0.000280345
1396,0.000243398
1397,0.000262745
1398,0.000259532
1399,0.000271266
1400,0.00026058
1401,0.000257437
1402,0.000274618
1403,0.000267564
1404,0.000263094
1405,0.000266237
1406,0.000315126
1407,0.000279646
1408,0.000303183
1409,0.000279576
1410,0.000269659
1411,0.000256179
1412,0.000257367
1413,0.000270008
1414,0.000257157
1415,0.000262885
1416,0.00026072
1417,0.000261348
1418,0.000257157
1419,0.000259602
1420,0.000271754
1421,0.000258066
1422,0.00027811
1423,0.000276643
1424,0.00133391
1425,0.000272453
1426,0.000257158
1427,0.000248427
1428,0.000264142
1429,0.000257646
1430,0.000257576
1431,0.000259532
1432,0.000256459
1433,0.000259532
1434,0.00025143
1435,0.000265329
1436,0.000244866
1437,0.000254294
1438,0.000255272
1439,0.000250034
1440,0.000245982
1441,0.000246681
1442,0.000245563
1443,0.000267285
1444,0.000256878
1445,0.000256669
1446,0.000258554
1447,0.000261348
1448,0.000246122
1449,0.000265678
1450,0.00024242
1451,0.000263723
1452,0.000263653
1453,0.000249684
1454,0.000243398
1455,0.000267634
1456,0.000246332
1457,0.000259811
1458,0.000248008
1459,0.000255271
1460,0.000261977
1461,0.00025597
1462,0.000249405
1463,0.000271405
1464,0.000262396
1465,0.000247379
1466,0.000251919
1467,0.000249614
1468,0.000237043
1469,0.000247938
1470,0.000254294
1471,0.000260859
1472,0.000245773
1473,0.000249265
1474,0.00026477
1475,0.000252967
1476,0.000243888
1477,0.000248287
1478,0.00026058
1479,0.000261907
1480,0.000241862
1481,0.00025164
1482,0.000267773
1483,0.000257088
1484,0.000254364
1485,0.000258345
1486,0.000257367
1487,0.000252827
1488,0.000256668
1489,0.000250522
1490,0.00027371
1491,0.000253875
1492,0.000243678
1493,0.000260579
1494,0.0002735
1495,0.000249475
1496,0.000258135
1497,0.000252827
1498,0.00026505
1499,0.000255202
1500,0.000459419
1501,0.000338383
1502,0.000319805
1503,0.000381056
1504,0.000296827
1505,0.000292567
1506,0.000285304
1507,0.00028265
1508,0.000292916
1509,0.000262605
1510,0.000364854
1511,0.000335799
1512,0.000368206
1513,0.000344389
1514,0.000308631
1515,0.000282999
1516,0.000283767
1517,0.000345996
1518,0.000376866
1519,0.000285513
1520,0.00031792
1521,0.000245703
1522,0.000404523
1523,0.00035766
1524,0.000351723
1525,0.000360453
1526,0.000357311
1527,0.000306256
1528,0.000335241
1529,0.000347323
1530,0.000345297
1531,0.000323926
1532,0.000373095
1533,0.000396422
1534,0.000485609
1535,0.00052535
1536,0.000435114
1537,0.000399844
1538,0.000400263
1539,0.000434765
1540,0.000302066
1541,0.000288167
1542,0.000371767
1543,0.000391952
1544,0.000421984
1545,0.000426453
1546,0.000423241
1547,0.000444612
1548,0.000431971
1549,0.000420587
1550,0.000470315
1551,0.000426594
1552,0.000471711
1553,0.000481838
1554,0.000447965
1555,0.000413045
1556,0.000504677
1557,0.000429806
1558,0.000431343
1559,0.00044594
1560,0.000472899
1561,0.000432669
1562,0.000450549
1563,0.000433857
1564,0.000478555
1565,0.000408784
1566,0.000439235
1567,0.000436441
1568,0.000439095
1569,0.000442307
1570,0.000437908
1571,0.00043267
1572,0.000432181
1573,0.000492175
1574,0.000441051
1575,0.00036639
1576,0.000395514
1577,0.0015669
1578,0.000380428
1579,0.000367787
1580,0.000347742
1581,0.000399704
1582,0.000321062
1583,0.000301786
1584,0.000313869
1585,0.0002515
1586,0.00036192
1587,0.00042373
1588,0.000380009
1589,0.000287678
1590,0.000308281
1591,0.00024703
1592,0.000269729
1593,0.00026512
1594,0.000250383
1595,0.000259462
1596,0.000253386
1597,0.000387272
1598,0.000406968
1599,0.000251011
1600,0.000274198
1601,0.000266935
1602,0.000258624
1603,0.000371069
1604,0.000297037
1605,0.000284256
1606,0.000314777
1607,0.000282859
1608,0.000291799
1609,0.000278948
1610,0.000301088
1611,0.000288167
1612,0.000293265
1613,0.000329164
1614,0.000332935
1615,0.000378892
1616,0.000288936
1617,0.000315755
1618,0.000317989
1619,0.000301926
1620,0.000296897
1621,0.000275176
1622,0.000288726
1623,0.00043246
1624,0.000307793
1625,0.000310027
1626,0.000353818
1627,0.000336708
1628,0.00029117
1629,0.000277551
1630,0.00031331
1631,0.000434206
1632,0.000352841
1633,0.000332237
1634,0.000332796
1635,0.000293824
1636,0.000289075
1637,0.00028258
1638,0.000289773
1639,0.000302484
1640,0.000311983
1641,0.00035326
1642,0.00034865
1643,0.000281253
1644,0.000317989
1645,0.000279576
1646,0.000281043
1647,0.000287748
1648,0.000281811
1649,0.000272732
1650,0.000292916
1651,0.000300529
1652,0.000279925
1653,0.000281672
1654,0.000292706
1655,0.000301717
1656,0.000265328
1657,0.000277621
1658,0.000299272
1659,0.000289354
1660,0.000290472
1661,0.000329025
1662,0.000365901
1663,0.00029138
1664,0.000289075
1665,0.000290542
1666,0.000284046
1667,0.000291031
1668,0.000290402
1669,0.000264072
1670,0.000255482
1671,0.000255202
1672,0.000269379
1673,0.000261069
1674,0.000254084
1675,0.000272941
1676,0.000260859
1677,0.000259602
1678,0.000249196
1679,0.000267774
1680,0.000255691
1681,0.000265608
1682,0.000255481
1683,0.000271056
1684,0.000258135
1685,0.000264211
1686,0.00026505
1687,0.000254783
1688,0.000316872
1689,0.0003175
1690,0.000297247
1691,0.000281393
1692,0.00029585
1693,0.000294453
1694,0.000281113
1695,0.000338663
1696,0.00042394
1697,0.000359335
1698,0.000342085
1699,0.000272522
1700,0.000267703
1701,0.000260859
1702,0.000261906
1703,0.000270777
1704,0.000261837
1705,0.000283418
1706,0.000259043
1707,0.000259812
1708,0.000243748
1709,0.000257087
1710,0.000277691
1711,0.000255551
1712,0.000247589
1713,0.000300948
1714,0.000335938
1715,0.000251291
1716,0.000257576
1717,0.000243887
1718,0.000260021
1719,0.000254992
1720,0.00025569
1721,0.000284326
1722,0.000267425
1723,0.000266516
1724,0.000270427
1725,0.000259043
1726,0.000249056
1727,0.000258764
1728,0.000249055
1729,0.000270078
1730,0.000253246
1731,0.000252129
1732,0.000264421
1733,0.000271824
1734,0.000245284
1735,0.000262186
1736,0.000260929
1737,0.000270148
1738,0.000261348
1739,0.00146717
1740,0.000263723
1741,0.000243399
1742,0.000252129
1743,0.000267564
1744,0.000246751
1745,0.000249196
1746,0.00024745
1747,0.000259252
1748,0.000249614
1749,0.000251919
1750,0.000241792
1751,0.000240814
1752,0.000247659
1753,0.00024277
1754,0.000260021
1755,0.000263234
1756,0.000249894
1757,0.000257646
1758,0.000253246
1759,0.000263094
1760,0.000253386
1761,0.00025143
1762,0.000250872
1763,0.000257437
1764,0.000246052
1765,0.000270567
1766,0.000245703
1767,0.000266865
1768,0.000260021
1769,0.000248217
1770,0.000244725
1771,0.000280275
1772,0.000247519
1773,0.000274478
1774,0.000246122
1775,0.000256459
1776,0.000251151
1777,0.000246611
1778,0.000250034
1779,0.000261209
1780,0.000254503
1781,0.000253735
1782,0.00026051
1783,0.000252409
1784,0.000245843
1785,0.000252827
1786,0.000249544
1787,0.000260021
1788,0.000239697
1789,0.000289564
1790,0.000265818
1791,0.00026896
1792,0.000260231
1793,0.000253735
1794,0.000275456
1795,0.000259043
1796,0.000243119
1797,0.000247031
1798,0.000276713
1799,0.000236624
1800,0.000246821
1801,0.000254294
1802,0.000272802
1803,0.000255691
1804,0.000249196
1805,0.00026491
1806,0.000253316
1807,0.000262814
1808,0.00025171
1809,0.000270358
1810,0.000261557
1811,0.000239976
1812,0.000254084
1813,0.000251989
1814,0.000252338
1815,0.000240325
1816,0.000240325
1817,0.000269729
1818,0.000248986
1819,0.000260999
1820,0.000252548
1821,0.00025597
1822,0.000236484
1823,0.000249614
1824,0.000248637
1825,0.000270567
1826,0.00023816
1827,0.00026044
1828,0.000266656
1829,0.000280694
1830,0.000260091
1831,0.000259532
1832,0.000249964
1833,0.000268052
1834,0.000252408
1835,0.000249405
1836,0.000261976
1837,0.000256459
1838,0.000247101
1839,0.000301367
1840,0.000274897
1841,0.000245843
1842,0.000250453
1843,0.000249544
1844,0.000260999
1845,0.000249754
1846,0.00025576
1847,0.000259602
1848,0.000254713
1849,0.000252548
1850,0.000249405
1851,0.000259113
1852,0.000260999
1853,0.000261209
1854,0.000244726
1855,0.00026002
1856,0.000273221
1857,0.000248846
1858,0.000268611
1859,0.00025136
1860,0.000263862
1861,0.000262116
1862,0.000257646
1863,0.000249195
1864,0.000252827
1865,0.000256878
1866,0.00025569
1867,0.000251081
1868,0.000255761
1869,0.000259253
1870,0.000251221
1871,0.000267075
1872,0.000244795
1873,0.000241652
1874,0.000264351
1875,0.000255691
1876,0.000248637
1877,0.000248636
1878,0.000266307
1879,0.00026477
1880,0.000261976
1881,0.000248497
1882,0.000258833
1883,0.000276084
1884,0.000248078
1885,0.000259462
1886,0.000252617
1887,0.000267773
1888,0.000277062
1889,0.000255202
1890,0.000253525
1891,0.000242839
1892,0.000257158
1893,0.000252339
1894,0.000292218
1895,0.000256249
1896,0.000254783
1897,0.000249544
1898,0.000268961
1899,0.000257577
1900,0.000258974
1901,0.0002823
1902,0.000257437
1903,0.000254224
1904,0.000261488
1905,0.000286212
1906,0.000235716
1907,0.000248637
1908,0.000252408
1909,0.000267564
1910,0.000262675
1911,0.000260021
1912,0.000249964
1913,0.000276993
1914,0.000248357
1915,0.000260929
1916,0.000235297
1917,0.000262745
1918,0.000252687
1919,0.000246262
1920,0.000254224
1921,0.000263792
1922,0.000251221
1923,0.000274199
1924,0.00132462
1925,0.000272383
1926,0.000265119
1927,0.000246122
1928,0.000255691
1929,0.000243748
1930,0.000247938
1931,0.000245284
1932,0.000279995
1933,0.000247519
1934,0.000240674
1935,0.000258554
1936,0.000257576
1937,0.000255202
1938,0.000242072
1939,0.000251709
1940,0.000267634
1941,0.000235227
1942,0.000244446
1943,0.00025597
1944,0.000265119
1945,0.000260999
1946,0.000248078
1947,0.000239348
1948,0.000252897
1949,0.000239907
1950,0.000244795
1951,0.000245982
1952,0.000249894
1953,0.00024242
1954,0.000243399
1955,0.000246332
1956,0.000262954
1957,0.000250872
1958,0.00024277
1959,0.000243748
1960,0.000250382
1961,0.000246192
1962,0.000247449
1963,0.000242351
1964,0.000262675
1965,0.00023865
1966,0.000248567
1967,0.000243189
1968,0.000271754
1969,0.000250452
1970,0.000259043
1971,0.000247519
1972,0.000262605
1973,0.000245214
1974,0.000255202
1975,0.000257647
1976,0.000251082
1977,0.000243748
1978,0.000312053
1979,0.000251361
1980,0.000239697
1981,0.000251849
1982,0.000254224
1983,0.000347254
1984,0.000327628
1985,0.00033538
1986,0.000280065
1987,0.000255481
1988,0.000242141
1989,0.000259462
1990,0.000277132
1991,0.000253595
1992,0.000267145
1993,0.000252059
1994,0.000259882
1995,0.000249405
1996,0.000245214
1997,0.000246053
1998,0.000261488
1999,0.000241723
2000,0.000396351
2001,0.000358148
2002,0.000313101
2003,0.000292427
2004,0.000288656
2005,0.000298573
2006,0.000264141
2007,0.000314707
2008,0.000421844
2009,0.00031338
2010,0.000418911
2011,0.000394885
2012,0.000351235
2013,0.000361012
2014,0.000417653
2015,0.000369323
2016,0.000284884
2017,0.000371
2018,0.000327767
2019,0.000319177
2020,0.00033999
2021,0.000334961
2022,0.000355355
2023,0.000327558
2024,0.000333076
2025,0.000339222
2026,0.000332167
2027,0.000338802
2028,0.000440841
2029,0.00041479
2030,0.000359196
2031,0.000353958
2032,0.000373514
2033,0.0003798
2034,0.000363247
2035,0.000354377
2036,0.000400054
2037,0.000393069
2038,0.000370301
2039,0.00038406
2040,0.000395654
2041,0.000436581
2042,0.000383501
2043,0.000381196
2044,0.000376866
2045,0.000335729
2046,0.000369183
2047,0.000374282
2048,0.000369324
2049,0.000367228
2050,0.000379939
2051,0.000346066
2052,0.000410879
2053,0.000519204
2054,0.000413952
2055,0.00036604
2056,0.000360872
2057,0.000365342
2058,0.000368276
2059,0.000367228
2060,0.00036639
2061,0.000362129
2062,0.000338314
2063,0.00039321
2064,0.000373374
2065,0.000406759
2066,0.000359266
2067,0.000390485
2068,0.000392021
2069,0.00038406
2070,0.000368555
2071,0.000348301
2072,0.000403057
2073,0.000369463
2074,0.000387482
2075,0.000539807
2076,0.000316383
2077,0.000268122
2078,0.000300948
2079,0.000462073
2080,0.000338663
2081,0.000400612
2082,0.000453133
2083,0.00046773
2084,0.000455298
2085,0.000504327
2086,0.000394606
2087,0.000414092
2088,0.000307723
2089,0.000298853
2090,0.000284325
2091,0.000286142
2092,0.000285304
2093,0.000281532
2094,0.000347253
2095,0.000291519
2096,0.000290751
2097,0.00030444
2098,0.000283837
2099,0.000280485
2100,0.000271475
2101,0.000385945
2102,0.000427432
2103,0.00032679
2104,0.000348441
2105,0.000412695
2106,0.000367787
2107,0.000400613
2108,0.000341527
2109,0.000280066
2110,0.000305628
2111,0.00028719
2112,0.000294173
2113,0.000305278
2114,0.000290123
2115,0.0002999
2116,0.000292916
2117,0.000298923
2118,0.000301438
2119,0.000274339
2120,0.00030011
2121,0.000275945
2122,0.0002647
2123,0.000293684
2124,0.000309259
2125,0.000292009
2126,0.00028286
2127,0.000302066
2128,0.000297945
2129,0.000295361
2130,0.000290821
2131,0.000364015
2132,0.000288167
2133,0.000303044
2134,0.000286282
2135,0.000287887
2136,0.00028244
2137,0.000296897
2138,0.000291589
2139,0.000282999
2140,0.000307233
2141,0.0002427
2142,0.000239837
2143,0.000257088
2144,0.000273291
2145,0.000253246
2146,0.000255481
2147,0.000249894
2148,0.000272034
2149,0.000253735
2150,0.000253525
2151,0.000262745
2152,0.000256669
2153,0.000243538
2154,0.000256459
2155,0.000249893
2156,0.000262256
2157,0.000249614
2158,0.000244865
2159,0.000249196
2160,0.000258624
2161,0.000257158
2162,0.000262744
2163,0.000261278
2164,0.000246192
2165,0.000302485
2166,0.000414301
2167,0.000356472
2168,0.000353958
2169,0.00028216
2170,0.000293824
2171,0.000287189
2172,0.000255691
2173,0.000262117
2174,0.000265329
2175,0.000253316
2176,0.000253246
2177,0.000266935
2178,0.000250522
2179,0.000284325
2180,0.000256669
2181,0.000270637
2182,0.000254783
2183,0.000228522
2184,0.00024717
2185,0.000262605
2186,0.000257157
2187,0.000249894
2188,0.000245774
2189,0.000254015
2190,0.000263025
2191,0.000241164
2192,0.000363177
2193,0.00123955
2194,0.000244656
2195,0.000262815
2196,0.000254364
2197,0.000245843
2198,0.000254085
2199,0.000247729
2200,0.000255271
2201,0.00025569
2202,0.000252618
2203,0.000240815
2204,0.000268681
2205,0.000250453
2206,0.000242979
2207,0.000243399
2208,0.000260091
2209,0.000243818
2210,0.00025164
2211,0.000246541
2212,0.000268681
2213,0.000243259
2214,0.00025597
2215,0.00025185
2216,0.000255691
2217,0.00024752
2218,0.000248358
2219,0.00023851
2220,0.000265119
2221,0.000256668
2222,0.000246402
2223,0.000267285
2224,0.000246681
2225,0.000250103
2226,0.000247659
2227,0.000253526
2228,0.000255691
2229,0.000237043
2230,0.000237672
2231,0.000257367
2232,0.000244097
2233,0.000245284
2234,0.00025569
2235,0.000246053
2236,0.000266167
2237,0.000250034
2238,0.000246681
2239,0.000259672
2240,0.000249196
2241,0.000239558
2242,0.000244307
2243,0.000258205
2244,0.000238929
2245,0.000263233
2246,0.000242072
2247,0.000264631
2248,0.000253106
2249,0.000256179
2250,0.000253316
2251,0.000256179
2252,0.000255481
2253,0.000253246
2254,0.000254294
2255,0.000262885
2256,0.000262256
2257,0.000238998
2258,0.000253316
2259,0.000271894
2260,0.000245354
2261,0.000260021
2262,0.000248986
2263,0.000257647
2264,0.000242701
2265,0.000240954
2266,0.000253316
2267,0.000259462
2268,0.000244935
2269,0.000254503
2270,0.000256668
2271,0.000260021
2272,0.000254504
2273,0.000244866
2274,0.000249475
2275,0.000268681
2276,0.000245633
2277,0.000244446
2278,0.000254224
2279,0.000256739
2280,0.000246193
2281,0.000248428
2282,0.000251919
2283,0.000260929
2284,0.000240395
2285,0.000250173
2286,0.000253386
2287,0.000260509
2288,0.000241443
2289,0.000256389
2290,0.000246263
2291,0.000245634
2292,0.000245215
2293,0.000254503
2294,0.000270776
2295,0.000250523
2296,0.000249964
2297,0.000254014
2298,0.000252548
2299,0.000236135
2300,0.000250592
2301,0.000255271
2302,0.000291659
2303,0.00025157
2304,0.000249195
2305,0.000243189
2306,0.000253526
2307,0.000255691
2308,0.000254224
2309,0.000255691
2310,0.000329444
2311,0.000236135
2312,0.000248078
2313,0.000268611
2314,0.000340618
2315,0.000277062
2316,0.000453552
2317,0.00027832
2318,0.000257577
2319,0.000270218
2320,0.000261418
2321,0.000254084
2322,0.000258065
2323,0.000252897
2324,0.000274897
2325,0.000257437
2326,0.000255691
2327,0.000285304
2328,0.000249894
2329,0.000237253
2330,0.000249615
2331,0.000330421
2332,0.000268332
2333,0.000263932
2334,0.000250103
2335,0.000373584
2336,0.000343621
2337,0.000302974
2338,0.000312891
2339,0.000253176
2340,0.000258763
2341,0.000268402
2342,0.000265259
2343,0.00025157
2344,0.000244865
2345,0.000263443
2346,0.000250802
2347,0.000243259
2348,0.000255481
2349,0.000290541
2350,0.000251849
2351,0.000255761
2352,0.000262186
2353,0.000265748
2354,0.000250033
2355,0.000257157
2356,0.000252688
2357,0.000279437
2358,0.00026058
2359,0.000248986
2360,0.000256878
2361,0.000259532
2362,0.000262326
2363,0.000256668
2364,0.000276015
2365,0.000248148
2366,0.000243678
2367,0.000241513
2368,0.000276992
2369,0.000246471
2370,0.000252827
2371,0.000254224
2372,0.000261697
2373,0.000269519
2374,0.000255691
2375,0.000249964
2376,0.000261697
2377,0.000251989
2378,0.000234669
2379,0.000248148
2380,0.000263164
2381,0.000252827
2382,0.000255272
2383,0.000250452
2384,0.000249824
2385,0.000255481
2386,0.000261906
2387,0.000244307
2388,0.000257716
2389,0.000241233
2390,0.000249126
2391,0.000246611
2392,0.000270846
2393,0.000253106
2394,0.000246332
2395,0.000254782
2396,0.000277551
2397,0.000245913
2398,0.000253316
2399,0.00025192
2400,0.000255761
2401,0.000253107
2402,0.000250871
2403,0.000238579
2404,0.000312472
2405,0.000254503
2406,0.000255202
2407,0.000312542
2408,0.000250941
2409,0.000253037
2410,0.0012677
2411,0.000263234
2412,0.000252827
2413,0.000245494
2414,0.000262814
2415,0.000251011
2416,0.000261418
2417,0.000253596
2418,0.00026044
2419,0.00023865
2420,0.000243748
2421,0.000244167
2422,0.000248986
2423,0.000258973
2424,0.000238231
2425,0.000249894
2426,0.000263722
2427,0.000250871
2428,0.00023844
2429,0.000258065
2430,0.000260649
2431,0.00025136
2432,0.000248078
2433,0.000239558
2434,0.000251081
2435,0.000255691
2436,0.000252339
2437,0.000249405
2438,0.000263164
2439,0.000240885
2440,0.000253316
2441,0.000235716
2442,0.000271684
2443,0.000245913
2444,0.000254294
2445,0.000257157
2446,0.000267983
2447,0.000238719
2448,0.000255271
2449,0.000256669
2450,0.000273081
2451,0.000244166
2452,0.000253316
2453,0.000259532
2454,0.000262744
2455,0.000252688
2456,0.000241513
2457,0.000248427
2458,0.000257157
2459,0.000244027
2460,0.000250452
2461,0.000255691
2462,0.000270078
2463,0.000253526
2464,0.000248008
2465,0.000262466
2466,0.000244097
2467,0.000237462
2468,0.000245214
2469,0.000248497
2470,0.000249544
2471,0.000239767
2472,0.00024298
2473,0.0002691
2474,0.000243817
2475,0.000252059
2476,0.000246332
2477,0.000255272
2478,0.000247101
2479,0.000245424
2480,0.000259253
2481,0.000262814
2482,0.000259043
2483,0.000248078
2484,0.000249265
2485,0.00025618
2486,0.000247309
2487,0.000258065
2488,0.00025171
2489,0.000264281
2490,0.000236693
2491,0.000237113
2492,0.000254014
2493,0.000250033
2494,0.000237951
2495,0.000249614
2496,0.000250732
2497,0.000265468
2498,0.000252408
2499,0.000254364
2500,0.000320085
2501,0.000263303
2502,0.00023865
2503,0.00026512
2504,0.000248428
2505,0.000255691
2506,0.00025569
2507,0.000247729
2508,0.000273081
2509,0.000237811
2510,0.000258485
2511,0.000256179
2512,0.000256319
2513,0.000254014
2514,0.000250383
2515,0.000235786
2516,0.000250871
2517,0.000254015
2518,0.000255272
2519,0.000248916
2520,0.000257157
2521,0.00024724
2522,0.000244306
2523,0.000238021
2524,0.000252758
2525,0.0002603
2526,0.000241303
2527,0.000250522
2528,0.000287679
2529,0.000254085
2530,0.000251012
2531,0.000252967
2532,0.000327628
2533,0.000357101
2534,0.000318408
2535,0.00034411
2536,0.000324205
2537,0.000321552
2538,0.000339152
2539,0.000332865
2540,0.000311494
2541,0.000343412
2542,0.000324694
2543,0.000393558
2544,0.000464657
2545,0.000411926
2546,0.000395654
2547,0.000332935
2548,0.000322809
2549,0.000328815
2550,0.000371069
2551,0.000373653
2552,0.000377076
2553,0.000325812
2554,0.000356403
2555,0.000344599
2556,0.000340618
2557,0.000359685
2558,0.000376098
2559,0.000377774
2560,0.000395374
2561,0.000377215
2562,0.000369114
2563,0.000359546
2564,0.000354238
2565,0.0003974
2566,0.000386714
2567,0.00035277
2568,0.000371907
2569,0.000376517
2570,0.00039684
2571,0.000353609
2572,0.000334751
2573,0.000378333
2574,0.000365133
2575,0.000352492
2576,0.000412975
2577,0.000366878
2578,0.000380288
2579,0.00037093
2580,0.000375889
2581,0.000374631
2582,0.000389437
2583,0.000386923
2584,0.000390346
2585,0.000406129
2586,0.000347742
2587,0.000344878
2588,0.000347602
2589,0.000388809
2590,0.000334333
2591,0.000368694
2592,0.000356332
2593,0.00034879
2594,0.000346135
2595,0.000363876
2596,0.000358568
2597,0.000387412
2598,0.000340478
2599,0.000351863
2600,0.0003622
2601,0.000298922
2602,0.000250034
2603,0.00024291
2604,0.000262814
2605,0.000272802
2606,0.00024717
2607,0.000255272
2608,0.000250871
2609,0.000268751
2610,0.000247309
2611,0.000257577
2612,0.000259462
2613,0.000292707
2614,0.000242001
2615,0.000259462
2616,0.000254783
2617,0.000272732
2618,0.00026044
2619,0.000237462
2620,0.000264351
2621,0.000258415
2622,0.00025136
2623,0.000237113
2624,0.000281882
2625,0.000258345
2626,0.000251849
2627,0.000263722
2628,0.000298713
2629,0.000262047
2630,0.000240396
2631,0.000306256
2632,0.000317221
2633,0.00026505
2634,0.000265888
2635,0.000279995
2636,0.000262884
2637,0.000277901
2638,0.000276923
2639,0.00143176
2640,0.000268263
2641,0.000244726
2642,0.000255202
2643,0.000261906
2644,0.000246891
2645,0.0002515
2646,0.000255271
2647,0.000251919
2648,0.000240745
2649,0.000252618
2650,0.000263303
2651,0.000249614
2652,0.000237183
2653,0.000237951
2654,0.00026463
2655,0.000242002
2656,0.000245564
2657,0.000237043
2658,0.000265189
2659,0.000408993
2660,0.000346974
2661,0.000323856
2662,0.000303602
2663,0.00032225
2664,0.000341945
2665,0.000341037
2666,0.00033971
2667,0.000296129
2668,0.000244935
2669,0.000249126
2670,0.000245912
2671,0.00026498
2672,0.000254782
2673,0.000271265
2674,0.000313869
2675,0.000282441
2676,0.000321482
2677,0.000275247
2678,0.000298853
2679,0.000287189
2680,0.00037505
2681,0.000301437
2682,0.000333844
2683,0.000319107
2684,0.000307723
2685,0.000280205
2686,0.000314148
2687,0.000389787
2688,0.000407737
2689,0.000278459
2690,0.000287189
2691,0.000341736
2692,0.000339501
2693,0.000434904
2694,0.000304859
2695,0.000283348
2696,0.000312193
2697,0.000290262
2698,0.000376447
2699,0.000289983
2700,0.000277761
2701,0.000347463
2702,0.000317501
2703,0.000311564
2704,0.000266167
2705,0.000277621
2706,0.000266516
2707,0.000294942
2708,0.000277412
2709,0.00037973
2710,0.000322529
2711,0.000306605
2712,0.000319526
2713,0.000304371
2714,0.000288586
2715,0.000274199
2716,0.000284535
2717,0.000342992
2718,0.000346625
2719,0.00028223
2720,0.000299481
2721,0.000344949
2722,0.000262815
2723,0.000255411
2724,0.000253316
2725,0.000250872
2726,0.000236274
2727,0.000293056
2728,0.000303881
2729,0.000357659
2730,0.000292916
2731,0.000278529
2732,0.000341456
2733,0.000287678
2734,0.000287888
2735,0.000278599
2736,0.000275806
2737,0.000346695
2738,0.000355774
2739,0.000294732
2740,0.000300668
2741,0.000346834
2742,0.000254783
2743,0.000258065
2744,0.000245354
2745,0.000252059
2746,0.00023816
2747,0.000276713
2748,0.000250871
2749,0.000247869
2750,0.000339012
2751,0.000292288
2752,0.000301297
2753,0.000311913
2754,0.000310586
2755,0.00028237
2756,0.000283697
2757,0.000285862
2758,0.000382174
2759,0.00033077
2760,0.000284326
2761,0.00028712
2762,0.000319945
2763,0.00025164
2764,0.000257087
2765,0.000260928
2766,0.000265469
2767,0.000251221
2768,0.000253386
2769,0.000262744
2770,0.000329514
2771,0.000280066
2772,0.000290961
2773,0.000342504
2774,0.000253037
2775,0.000263303
2776,0.000253805
2777,0.000251919
2778,0.0002427
2779,0.000360034
2780,0.000367018
2781,0.00028649
2782,0.00030472
2783,0.000329793
2784,0.000261418
2785,0.000276923
2786,0.000250382
2787,0.000246681
2788,0.000259532
2789,0.000257366
2790,0.000246681
2791,0.000349139
2792,0.000294732
2793,0.00026456
2794,0.000343691
2795,0.000301018
2796,0.000312821
2797,0.000280065
2798,0.000284744
2799,0.000384269
2800,0.000355844
2801,0.000293475
2802,0.000275386
2803,0.000368765
2804,0.000303602
2805,0.000290263
2806,0.000357311
2807,0.000306326
2808,0.000285653
2809,0.000286491
2810,0.00029131
2811,0.00043239
2812,0.000320294
2813,0.000270567
2814,0.000288796
2815,0.000334402
2816,0.000258624
2817,0.000270497
2818,0.000267983
2819,0.000257436
2820,0.000247589
2821,0.000259043
2822,0.000245284
2823,0.000357939
2824,0.000306745
2825,0.000275875
2826,0.000353748
2827,0.000293405
2828,0.000286212
2829,0.000289983
2830,0.000289773
2831,0.000370231
2832,0.000385037
2833,0.000302135
2834,0.000295361
2835,0.000342783
2836,0.000259322
2837,0.000280484
2838,0.000253316
2839,0.000253805
2840,0.000266866
2841,0.000258764
2842,0.000249195
2843,0.000402149
2844,0.000297526
2845,0.000276713
2846,0.000354238
2847,0.000258834
2848,0.000255481
2849,0.000250523
2850,0.000238369
2851,0.000323787
2852,0.000404524
2853,0.00027392
2854,0.000306606
2855,0.000322529
2856,0.000282091
2857,0.000254713
2858,0.000264141
2859,0.000272383
2860,0.000246751
2861,0.000265678
2862,0.000254504
2863,0.00024738
2864,0.000378613
2865,0.000308212
2866,0.000343272
2867,0.000281183
2868,0.000289844
2869,0.00025597
2870,0.000259253
2871,0.000259463
2872,0.000394327
2873,0.000339431
2874,0.000286282
2875,0.000287888
2876,0.000346555
2877,0.000242769
2878,0.000276224
2879,0.000242491
2880,0.000251709
2881,0.000256668
2882,0.000262885
2883,0.00025618
2884,0.000326021
2885,0.000315824
2886,0.000280554
2887,0.000357171
2888,0.00026023
2889,0.000270846
2890,0.000287189
2891,0.000288377
2892,0.000343971
2893,0.000383361
2894,0.00026917
2895,0.000306326
2896,0.00139949
2897,0.000257158
2898,0.000250732
2899,0.000260021
2900,0.000250871
2901,0.000374003
2902,0.00030479
2903,0.000298922
2904,0.000347183
2905,0.000259602
2906,0.000262326
2907,0.000248427
2908,0.000247938
2909,0.000241862
2910,0.000260859
2911,0.000250732
2912,0.000311564
2913,0.000323158
2914,0.0002823
2915,0.000340129
2916,0.000284326
2917,0.000307514
2918,0.000286491
2919,0.000284815
2920,0.000329304
2921,0.000369393
2922,0.000280065
2923,0.000290542
2924,0.000317152
2925,0.000306466
2926,0.000245214
2927,0.000274618
2928,0.000248009
2929,0.000254574
2930,0.000244377
2931,0.000259532
2932,0.000246122
2933,0.000380428
2934,0.000290541
2935,0.000310936
2936,0.000306955
2937,0.0002691
2938,0.00026058
2939,0.000251919
2940,0.000246751
2941,0.000346205
2942,0.000376656
2943,0.000280275
2944,0.000300948
2945,0.000355285
2946,0.000252478
2947,0.00026463
2948,0.000257576
2949,0.000260859
2950,0.000245424
2951,0.00032658
2952,0.000268542
2953,0.000356961
2954,0.000329234
2955,0.00028251
2956,0.000372257
2957,0.000306466
2958,0.00029152
2959,0.00028719
2960,0.000285793
2961,0.000375609
2962,0.000352561
2963,0.000283278
2964,0.000301646
2965,0.000336637
2966,0.000253805
2967,0.000260301
2968,0.000260161
2969,0.000253875
2970,0.000235646
2971,0.000266796
2972,0.000259742
2973,0.000329653
2974,0.000304022
2975,0.000279298
2976,0.000337685
2977,0.000254782
2978,0.000275805
2979,0.000257856
2980,0.000254294
2981,0.000240954
2982,0.000351583
2983,0.000339361
2984,0.000271545
2985,0.000296199
2986,0.000340898
2987,0.000246681
2988,0.000262815
2989,0.000266167
2990,0.000263653
2991,0.000291031
2992,0.000302275
2993,0.000293964
2994,0.000362968
2995,0.000284326
2996,0.000281393
2997,0.000351374
2998,0.000297595
2999,0.000286561
3000,0.00035319
3001,0.000372396
3002,0.000280554
3003,0.000244166
3004,0.000253805
3005,0.000265609
3006,0.000246053
3007,0.000343971
3008,0.000347951
3009,0.000246751
3010,0.000396911
3011,0.000384758
3012,0.000358708
3013,0.000403196
3014,0.000396142
3015,0.000247728
3016,0.000266167
3017,0.00034432
3018,0.000330072
3019,0.000317221
3020,0.000336777
3021,0.000312333
3022,0.000316872
3023,0.000360104
3024,0.000325114
3025,0.000322319
3026,0.000329024
3027,0.000317012
3028,0.000317711
3029,0.000402079
3030,0.000403825
3031,0.00037945
3032,0.00040208
3033,0.000367508
3034,0.000415419
3035,0.000392371
3036,0.000332028
3037,0.000401521
3038,0.0003798
3039,0.000340479
3040,0.000385038
3041,0.000371349
3042,0.000360034
3043,0.00040145
3044,0.000381755
3045,0.000382383
3046,0.000365482
3047,0.000365202
3048,0.000345856
3049,0.000363945
3050,0.00032665
3051,0.000359616
3052,0.000385387
3053,0.000353469
3054,0.000378193
3055,0.000360035
3056,0.000391253
3057,0.000369183
3058,0.000300878
3059,0.000429247
3060,0.000358358
3061,0.000347952
3062,0.000385247
3063,0.0003175
3064,0.000346555
3065,0.000392859
3066,0.000363736
3067,0.000398238
3068,0.000361152
3069,0.000392581
3070,0.000431063
3071,0.000378752
3072,0.000354377
3073,0.000353888
3074,0.000356681
3075,0.000351583
3076,0.000346275
3077,0.000381615
3078,0.000338942
3079,0.000316244
3080,0.000336428
3081,0.000319456
3082,0.000259741
3083,0.000408225
3084,0.00034872
3085,0.000326161
3086,0.000461515
3087,0.000413533
3088,0.000458092
3089,0.000501533
3090,0.000390345
3091,0.000407806
3092,0.000304161
3093,0.000287679
3094,0.000298155
3095,0.000272802
3096,0.000293615
3097,0.000310028
3098,0.00041039
3099,0.000387482
3100,0.000298783
3101,0.000435324
3102,0.000292008
3103,0.000307164
3104,0.000301856
3105,0.000288587
3106,0.000294104
3107,0.000284884
3108,0.000279088
3109,0.000284395
3110,0.000298294
3111,0.000285164
3112,0.000287678
3113,0.000286771
3114,0.000283418
3115,0.000268542
3116,0.000286212
3117,0.000293685
3118,0.000272313
3119,0.000272522
3120,0.000277691
3121,0.000286491
3122,0.000279926
3123,0.000271474
3124,0.000283418
3125,0.000253595
3126,0.000247659
3127,0.000247939
3128,0.000258136
3129,0.000248637
3130,0.000263932
3131,0.000247938
3132,0.00026058
3133,0.000242002
3134,0.000250522
3135,0.00024298
3136,0.000252897
3137,0.000234459
3138,0.000243538
3139,0.000254782
3140,0.000252897
3141,0.000246402
3142,0.000244866
3143,0.0002471
3144,0.000278809
3145,0.000248009
3146,0.000244935
3147,0.000243888
3148,0.000247659
3149,0.000254713
3150,0.000383571
3151,0.000361361
3152,0.000346694
3153,0.00030032
3154,0.000328256
3155,0.000279018
3156,0.000258834
3157,0.000266167
3158,0.000256669
3159,0.000240535
3160,0.000239697
3161,0.000261138
3162,0.00026058
3163,0.000254783
3164,0.000236624
3165,0.000303603
3166,0.000253805
3167,0.000245633
3168,0.000243469
3169,0.000270358
3170,0.000249405
3171,0.000247519
3172,0.000259602
3173,0.000264631
3174,0.000261836
3175,0.000245703
3176,0.000251291
3177,0.000268402
3178,0.000239487
3179,0.000358149
3180,0.000268123
3181,0.000249893
3182,0.000247729
3183,0.00025569
3184,0.000254294
3185,0.000256389
3186,0.000260859
3187,0.000243539
3188,0.000267424
3189,0.000243189
3190,0.000243189
3191,0.000261069
3192,0.000252828
3193,0.000252059
3194,0.000248916
3195,0.000250383
3196,0.000261487
3197,0.00025597
3198,0.00024703
3199,0.000257087
3200,0.000276783
3201,0.000263583
3202,0.000246681
3203,0.000258973
3204,0.000254713
3205,0.000241163
3206,0.00028237
3207,0.000426523
3208,0.000350047
3209,0.000339081
3210,0.000292986
3211,0.000277551
3212,0.000265538
3213,0.000281462
3214,0.000236484
3215,0.000244307
3216,0.000252688
3217,0.000246611
3218,0.000250382
3219,0.000246681
3220,0.000246471
3221,0.000267983
3222,0.000241024
3223,0.000257646
3224,0.000270218
3225,0.000266236
3226,0.000246681
3227,0.000248916
3228,0.000265119
3229,0.00026896
3230,0.000255272
3231,0.000270637
3232,0.00025597
3233,0.000328186
3234,0.000277202
3235,0.000253316
3236,0.00025597
3237,0.000259602
3238,0.000244795
3239,0.000239837
3240,0.000252618
3241,0.000252408
3242,0.000247798
3243,0.000264142
3244,0.000267005
3245,0.000263303
3246,0.000252827
3247,0.000250872
3248,0.000282161
3249,0.000240815
3250,0.000244446
3251,0.000245423
3252,0.000275247
3253,0.000265539
3254,0.00028216
3255,0.000261418
3256,0.000270637
3257,0.000244027
3258,0.000253386
3259,0.000273221
3260,0.000243049
3261,0.000252129
3262,0.000249615
3263,0.000256669
3264,0.000239697
3265,0.00025597
3266,0.000243678
3267,0.000258135
3268,0.000249475
3269,0.000289844
3270,0.000258554
3271,0.000256249
3272,0.000242211
3273,0.000248288
3274,0.000250104
3275,0.000262325
3276,0.000241024
3277,0.000250104
3278,0.000244656
3279,0.000271056
3280,0.00025618
3281,0.000259741
3282,0.000249614
3283,0.000253805
3284,0.000265189
3285,0.00024696
3286,0.000251919
3287,0.000288586
3288,0.00130401
3289,0.000248706
3290,0.000243818
3291,0.000230198
3292,0.000255201
3293,0.000267215
3294,0.000256878
3295,0.000256668
3296,0.000235507
3297,0.000240815
3298,0.000253106
3299,0.000241513
3300,0.000229919
3301,0.00024724
3302,0.000254503
3303,0.000250871
3304,0.000238999
3305,0.000240466
3306,0.000252129
3307,0.000240465
3308,0.000247309
3309,0.000257577
3310,0.000255062
3311,0.000237531
3312,0.000236554
3313,0.000247798
3314,0.000260859
3315,0.000244167
3316,0.000245563
3317,0.000250033
3318,0.000250523
3319,0.000240326
3320,0.000242211
3321,0.000232433
3322,0.000260509
3323,0.000251151
3324,0.000245074
3325,0.000249126
3326,0.000261488
3327,0.00025157
3328,0.000239418
3329,0.000235227
3330,0.000252408
3331,0.000249964
3332,0.000246891
3333,0.000240535
3334,0.000256668
3335,0.000239417
3336,0.000250732
3337,0.000231246
3338,0.000266307
3339,0.000249894
3340,0.000246821
3341,0.000251011
3342,0.000258065
3343,0.000235296
3344,0.000241583
3345,0.000233761
3346,0.000251361
3347,0.000245074
3348,0.0002295
3349,0.000232154
3350,0.000276644
3351,0.000331958
3352,0.000298084
3353,0.000302065
3354,0.000300948
3355,0.000302974
3356,0.000284116
3357,0.000281113
3358,0.000257157
3359,0.000238929
3360,0.000247939
3361,0.000268612
3362,0.000248009
3363,0.000244865
3364,0.000262116
3365,0.000260999
3366,0.000251361
3367,0.000240465
3368,0.000240186
3369,0.000270497
3370,0.000232294
3371,0.000239278
3372,0.000251221
3373,0.00025597
3374,0.00024284
3375,0.000255202
3376,0.000244656
3377,0.000245493
3378,0.000239488
3379,0.000236694
3380,0.000245284
3381,0.00026023
3382,0.000248078
3383,0.000239907
3384,0.00023809
3385,0.000247729
3386,0.00024717
3387,0.000242141
3388,0.000308421
3389,0.000315056
3390,0.000266167
3391,0.000256249
3392,0.000256249
3393,0.000252618
3394,0.000255271
3395,0.000250452
3396,0.000259532
3397,0.00024263
3398,0.000235646
3399,0.000258554
3400,0.000252827
3401,0.00024284
3402,0.000255481
3403,0.000242281
3404,0.00025136
3405,0.000254294
3406,0.000253596
3407,0.000257577
3408,0.000267634
3409,0.000251011
3410,0.000257367
3411,0.00023844
3412,0.000260579
3413,0.000250313
3414,0.000254504
3415,0.000233341
3416,0.000253316
3417,0.000236624
3418,0.000262186
3419,0.000243817
3420,0.000267634
3421,0.000262466
3422,0.000242979
3423,0.000246751
3424,0.000263303
3425,0.000248078
3426,0.000244726
3427,0.000256878
3428,0.000251082
3429,0.000246751
3430,0.000251919
3431,0.000242979
3432,0.000248986
3433,0.000248567
3434,0.000242491
3435,0.000264002
3436,0.000248218
3437,0.00024277
3438,0.000253316
3439,0.000253037
3440,0.000255202
3441,0.000236833
3442,0.000240814
3443,0.000268542
3444,0.000246052
3445,0.000254782
3446,0.000268193
3447,0.000260161
3448,0.000239277
3449,0.000253316
3450,0.000249475
3451,0.000260231
3452,0.000246262
3453,0.000237672
3454,0.000252897
3455,0.000266167
3456,0.000237043
3457,0.000237531
3458,0.000239138
3459,0.000247519
3460,0.000250662
3461,0.000248497
3462,0.000253316
3463,0.000248148
3464,0.000244516
3465,0.000240814
3466,0.00023837
3467,0.000260859
3468,0.000251709
3469,0.000241164
3470,0.000237741
3471,0.000262815
3472,0.000255272
3473,0.000247938
3474,0.0002647
3475,0.0002735
3476,0.000260929
3477,0.000245354
3478,0.000242211
3479,0.000252897
3480,0.000253735
3481,0.000244166
3482,0.000249964
3483,0.000256669
3484,0.000249405
3485,0.000246402
3486,0.000244306
3487,0.000246681
3488,0.000240326
3489,0.000238858
3490,0.00024291
3491,0.000266237
3492,0.000248148
3493,0.000241443
3494,0.0002427
3495,0.000260859
3496,0.000240116
3497,0.000237462
3498,0.000256878
3499,0.000256669
3500,0.000318199
3501,0.00027811
3502,0.000263094
3503,0.000229779
3504,0.000254294
3505,0.000248217
3506,0.00026924
3507,0.00025143
3508,0.000238649
3509,0.000245075
3510,0.000271685
3511,0.000248217
3512,0.000253386
3513,0.000248566
3514,0.000265469
3515,0.000243328
3516,0.000349209
3517,0.000327698
3518,0.000276294
3519,0.000337057
3520,0.000310587
3521,0.000272174
3522,0.000285234
3523,0.0002911
3524,0.000387691
3525,0.000348231
3526,0.000284815
3527,0.000283348
3528,0.00039719
3529,0.000275735
3530,0.000342364
3531,0.000336497
3532,0.000306256
3533,0.000328466
3534,0.000332657
3535,0.000322041
3536,0.000327069
3537,0.000332936
3538,0.00032246
3539,0.000356403
3540,0.000341736
3541,0.000325393
3542,0.000437489
3543,0.000425825
3544,0.000431622
3545,0.00039314
3546,0.000320573
3547,0.000390416
3548,0.000367787
3549,0.000417723
3550,0.000382803
3551,0.000382104
3552,0.000363317
3553,0.000373723
3554,0.000356961
3555,0.000378962
3556,0.000417723
3557,0.000374072
3558,0.000393837
3559,0.000391533
3560,0.000405431
3561,0.000416047
3562,0.000381406
3563,0.00036157
3564,0.00033552
3565,0.000380498
3566,0.000373723
3567,0.0003974
3568,0.000409901
3569,0.000404943
3570,0.000394955
3571,0.000376796
3572,0.000384549
3573,0.000310866
3574,0.000290542
3575,0.00038818
3576,0.000378682
3577,0.000364016
3578,0.000407038
3579,0.000331678
3580,0.000398447
3581,0.00040159
3582,0.00161027
3583,0.00045886
3584,0.000341457
3585,0.000352212
3586,0.000362897
3587,0.00036625
3588,0.000365412
3589,0.000356891
3590,0.00037086
3591,0.000390136
3592,0.000370162
3593,0.000350186
3594,0.00033971
3595,0.000308561
3596,0.000314916
3597,0.000398657
3598,0.000254363
3599,0.000241094
3600,0.000277691
3601,0.000255201
3602,0.000254224
3603,0.000269868
3604,0.000289494
3605,0.000247239
3606,0.000248986
3607,0.000273989
3608,0.000242001
3609,0.000237951
3610,0.000433647
3611,0.000384828
3612,0.000243888
3613,0.000269939
3614,0.000283138
3615,0.000241513
3616,0.000245145
3617,0.000239557
3618,0.000263513
3619,0.000240116
3620,0.000250453
3621,0.000248497
3622,0.000254504
3623,0.000251919
3624,0.000470734
3625,0.000416885
3626,0.000279088
3627,0.000265259
3628,0.000257646
3629,0.000248707
3630,0.000261069
3631,0.000236554
3632,0.000255272
3633,0.000251151
3634,0.000248637
3635,0.000248497
3636,0.000255202
3637,0.000247728
3638,0.000248567
3639,0.000249126
3640,0.000266586
3641,0.000245563
3642,0.000234179
3643,0.000241722
3644,0.000263932
3645,0.000239487
3646,0.000244166
3647,0.000241792
3648,0.000298294
3649,0.000259951
3650,0.000236763
3651,0.000261977
3652,0.000245075
3653,0.000240605
3654,0.000250313
3655,0.000260859
3656,0.000253875
3657,0.000258624
3658,0.000239208
3659,0.000248008
3660,0.000241583
3661,0.00024703
3662,0.000253595
3663,0.000309958
3664,0.000296828
3665,0.000259951
3666,0.000253036
3667,0.000260999
3668,0.000243887
3669,0.000246122
3670,0.000241583
3671,0.000263793
3672,0.000261488
3673,0.000246052
3674,0.000261767
3675,0.000254504
3676,0.000272593
3677,0.000250522
3678,0.0002471
3679,0.0002559
3680,0.000241512
3681,0.000259532
3682,0.000244655
3683,0.000259881
3684,0.000247449
3685,0.000246192
3686,0.000239138
3687,0.000255481
3688,0.000243189
3689,0.000239139
3690,0.00024277
3691,0.000258834
3692,0.000237532
3693,0.000257646
3694,0.000245284
3695,0.000265398
3696,0.000245354
3697,0.000242072
3698,0.000245215
3699,0.000251011
3700,0.000246471
3701,0.000256179
3702,0.000251989
3703,0.000237602
3704,0.000230339
3705,0.000235646
3706,0.000234599
3707,0.000245704
3708,0.000289843
3709,0.00031771
3710,0.000305837
3711,0.000338104
3712,0.00030011
3713,0.000327697
3714,0.000286212
3715,0.000429248
3716,0.000314847
3717,0.000333843
3718,0.00029997
3719,0.000293405
3720,0.000287469
3721,0.000279158
3722,0.00028677
3723,0.000336148
3724,0.000352073
3725,0.000269869
3726,0.000308002
3727,0.000345577
3728,0.000258904
3729,0.000290122
3730,0.000262814
3731,0.000273361
3732,0.000245913
3733,0.000253805
3734,0.000239208
3735,0.000379729
3736,0.000318409
3737,0.000320574
3738,0.000356821
3739,0.000348091
3740,0.000324485
3741,0.000276713
3742,0.000294523
3743,0.000250033
3744,0.000243747
3745,0.000244726
3746,0.000272313
3747,0.000252129
3748,0.00023858
3749,0.000248567
3750,0.000268262
3751,0.000254015
3752,0.000266586
3753,0.000256669
3754,0.000259951
3755,0.000250244
3756,0.000244935
3757,0.000232713
3758,0.000260929
3759,0.00025171
3760,0.000260928
3761,0.000319177
3762,0.000302065
3763,0.000308002
3764,0.000311424
3765,0.000307722
3766,0.000276992
3767,0.000284396
3768,0.000342295
3769,0.000295361
3770,0.000272732
3771,0.00027769
3772,0.000301996
3773,0.000286002
3774,0.000279926
3775,0.00030018
3776,0.000276225
3777,0.000270148
3778,0.000330491
3779,0.000387692
3780,0.000252618
3781,0.0002427
3782,0.000258065
3783,0.000253316
3784,0.000281253
3785,0.000350675
3786,0.000496714
3787,0.000451178
3788,0.000455577
3789,0.000395305
3790,0.000390835
3791,0.000296129
3792,0.000288796
3793,0.00030018
3794,0.000290053
3795,0.000280624
3796,0.000310865
3797,0.000284256
3798,0.000287399
3799,0.000288167
3800,0.000292008
3801,0.000413393
3802,0.000287539
3803,0.000272872
3804,0.000283418
3805,0.000275177
3806,0.000285792
3807,0.000306257
3808,0.000289844
3809,0.000289564
3810,0.000264491
3811,0.000311424
3812,0.000275456
3813,0.000301926
3814,0.000247589
3815,0.00024256
3816,0.000259253
3817,0.000249964
3818,0.000267284
3819,0.000253316
3820,0.000247309
3821,0.000244795
3822,0.000259462
3823,0.000243887
3824,0.000243399
3825,0.000245355
3826,0.000270986
3827,0.000260021
3828,0.000259252
3829,0.000243329
3830,0.000264282
3831,0.000237532
3832,0.000236973
3833,0.000251919
3834,0.000273221
3835,0.000244935
3836,0.000247869
3837,0.000245354
3838,0.000260021
3839,0.000237671
3840,0.00024731
3841,0.000249405
3842,0.000260859
3843,0.000245913
3844,0.000250033
3845,0.000244376
3846,0.000261558
3847,0.000245564
3848,0.000245215
3849,0.000248916
3850,0.000267075
3851,0.000231875
3852,0.000249405
3853,0.000234109
3854,0.000266586
3855,0.000242909
3856,0.000234249
3857,0.000258345
3858,0.000262046
3859,0.000252828
3860,0.000253805
3861,0.000253526
3862,0.000255482
3863,0.000249964
3864,0.000254782
3865,0.000248986
3866,0.000279018
3867,0.000248217
3868,0.000254783
3869,0.000243189
3870,0.000248358
3871,0.000251361
3872,0.000249545
3873,0.00024724
3874,0.000263443
3875,0.000242351
3876,0.000247519
3877,0.000250522
3878,0.000240325
3879,0.00025136
3880,0.000255691
3881,0.000237112
3882,0.000264072
3883,0.000244586
3884,0.000250034
3885,0.000244516
3886,0.000274199
3887,0.000258903
3888,0.000271265
3889,0.000250592
3890,0.000242002
3891,0.000246332
3892,0.00128753
3893,0.000259532
3894,0.000254294
3895,0.000241024
3896,0.00024675
3897,0.000271056
3898,0.000242211
3899,0.000241303
3900,0.000237532
3901,0.000272523
3902,0.000240814
3903,0.000244027
3904,0.000236833
3905,0.000254712
3906,0.000252827
3907,0.000244795
3908,0.000270916
3909,0.000283138
3910,0.000245145
3911,0.000242491
3912,0.000240255
3913,0.000246611
3914,0.000241443
3915,0.00026037
3916,0.000244167
3917,0.000249964
3918,0.000245564
3919,0.000254224
3920,0.000241723
3921,0.000257158
3922,0.000235576
3923,0.000235228
3924,0.000238789
3925,0.000259741
3926,0.000237392
3927,0.000247659
3928,0.000244655
3929,0.000271266
3930,0.000238091
3931,0.000260579
3932,0.000233621
3933,0.000268332
3934,0.000248078
3935,0.000246681
3936,0.000250103
3937,0.000258763
3938,0.00023851
3939,0.000242421
3940,0.000251919
3941,0.000259252
3942,0.000248707
3943,0.000243747
3944,0.000237113
3945,0.000249824
3946,0.000233621
3947,0.000247519
3948,0.000256669
3949,0.000256668
3950,0.000240325
3951,0.000237532
3952,0.00023816
3953,0.00026896
3954,0.000250313
3955,0.00023816
3956,0.000256668
3957,0.000254713
3958,0.000242909
3959,0.000244376
3960,0.000249125
3961,0.000260859
3962,0.000241652
3963,0.000242001
3964,0.000267215
3965,0.000266936
3966,0.000248916
3967,0.000254573
3968,0.000244935
3969,0.000248008
3970,0.00024703
3971,0.000241233
3972,0.000236135
3973,0.000244167
3974,0.000252897
3975,0.000259253
3976,0.000257647
3977,0.000252828
3978,0.000261069
3979,0.000247239
3980,0.000263024
3981,0.000246541
3982,0.000245704
3983,0.000234947
3984,0.000265329
3985,0.000245144
3986,0.000238579
3987,0.000246332
3988,0.000260231
3989,0.000246612
3990,0.000243888
3991,0.000240674
3992,0.000257437
3993,0.000240325
3994,0.000252338
3995,0.000233411
3996,0.000266306
3997,0.000252827
3998,0.000240465
3999,0.000247519
4000,0.000352351
4001,0.000345647
4002,0.0002691
4003,0.000252618
4004,0.000250872
4005,0.000243398
4006,0.000272383
4007,0.000242979
4008,0.000262884
4009,0.000243747
4010,0.000290472
4011,0.000270358
4012,0.000244725
4013,0.00024703
4014,0.000298783
4015,0.000247798
4016,0.000353539
4017,0.000330491
4018,0.000280624
4019,0.000362898
4020,0.00029103
4021,0.000280415
4022,0.000284536
4023,0.000262884
4024,0.000324415
4025,0.000248148
4026,0.000240604
4027,0.000300739
4028,0.000340059
4029,0.000318897
4030,0.000326929
4031,0.00033091
4032,0.000307932
4033,0.000317012
4034,0.000340059
4035,0.000323996
4036,0.000338732
4037,0.000335729
4038,0.000328116
4039,0.000326021
4040,0.000367507
4041,0.000439374
4042,0.000442936
4043,0.000407806
4044,0.000397679
4045,0.000333495
4046,0.000314428
4047,0.000384269
4048,0.000407876
4049,0.000421775
4050,0.000401381
4051,0.00041486
4052,0.000459838
4053,0.00039691
4054,0.000411159
4055,0.000421565
4056,0.000371698
4057,0.000363806
4058,0.000378822
4059,0.000369323
4060,0.000353819
4061,0.000335799
4062,0.000361082
4063,0.000378193
4064,0.000389228
4065,0.000378961
4066,0.000380429
4067,0.000380778
4068,0.000373514
4069,0.000360314
4070,0.000332657
4071,0.000380707
4072,0.000347393
4073,0.000351793
4074,0.00034404
4075,0.000360733
4076,0.000397469
4077,0.000381127
4078,0.000391044
4079,0.000356402
4080,0.000334262
4081,0.000320574
4082,0.000363177
4083,0.000360454
4084,0.000360523
4085,0.000341596
4086,0.000339151
4087,0.000341526
4088,0.00033531
4089,0.00032672
4090,0.000332866
4091,0.000361501
4092,0.000393838
4093,0.000356403
4094,0.000347392
4095,0.0004018
4096,0.000390345
4097,0.000381686
4098,0.000420588
4099,0.000377495
4100,0.00041926
4101,0.000288167
4102,0.000248008
4103,0.000267983
4104,0.000263304
4105,0.000248078
4106,0.000239837
4107,0.000273291
4108,0.000238021
4109,0.000252828
4110,0.000254294
4111,0.000254084
4112,0.0002559
4113,0.000243398
4114,0.000255272
4115,0.000263443
4116,0.000252548
4117,0.000247519
4118,0.000252408
4119,0.000242071
4120,0.000248217
4121,0.000245773
4122,0.000266726
4123,0.000246541
4124,0.000298084
4125,0.000576334
4126,0.000327558
4127,0.000283418
4128,0.000340199
4129,0.000324345
4130,0.000297456
4131,0.000293265
4132,0.000249405
4133,0.000244376
4134,0.000267563
4135,0.000264281
4136,0.000249545
4137,0.000240326
4138,0.000248287
4139,0.000274967
4140,0.000253804
4141,0.000250942
4142,0.000295501
4143,0.000295221
4144,0.000248217
4145,0.000281602
4146,0.000278668
4147,0.000257227
4148,0.000248986
4149,0.000256878
4150,0.000266795
4151,0.000251081
4152,0.00024277
4153,0.000256669
4154,0.00026456
4155,0.000252897
4156,0.000280065
4157,0.000252268
4158,0.000262675
4159,0.000245144
4160,0.000252827
4161,0.000262954
4162,0.000258344
4163,0.000248637
4164,0.000246541
4165,0.000262046
4166,0.000248706
4167,0.000252827
4168,0.000245773
4169,0.000262326
4170,0.000260301
4171,0.000243189
4172,0.000254783
4173,0.000249545
4174,0.000265468
4175,0.000255691
4176,0.00024291
4177,0.000243328
4178,0.000263653
4179,0.000244935
4180,0.000246123
4181,0.000269519
4182,0.000248427
4183,0.000253176
4184,0.00024703
4185,0.000257157
4186,0.000248427
4187,0.000253036
4188,0.000236275
4189,0.000258066
4190,0.000247729
4191,0.000240116
4192,0.000240116
4193,0.000261907
4194,0.000239487
4195,0.000254992
4196,0.000243259
4197,0.000263373
4198,0.000248985
4199,0.000251221
4200,0.000244027
4201,0.000263723
4202,0.000247728
4203,0.000276434
4204,0.000252339
4205,0.000280973
4206,0.000245284
4207,0.000243119
4208,0.000248777
4209,0.000265119
4210,0.000238649
4211,0.000269659
4212,0.000274478
4213,0.000276364
4214,0.000261558
4215,0.000247309
4216,0.000264141
4217,0.000246542
4218,0.000245773
4219,0.000249126
4220,0.000264071
4221,0.000243817
4222,0.000246332
4223,0.000255691
4224,0.000273501
4225,0.00025192
4226,0.000248567
4227,0.000251849
4228,0.000258903
4229,0.000249964
4230,0.000249125
4231,0.000228592
4232,0.000320783
4233,0.000249964
4234,0.000280135
4235,0.000258973
4236,0.000251221
4237,0.000253386
4238,0.000267145
4239,0.000259532
4240,0.000248358
4241,0.000254782
4242,0.000244306
4243,0.000289075
4244,0.000255062
4245,0.000254224
4246,0.000245285
4247,0.000263792
4248,0.000262047
4249,0.00025569
4250,0.00026051
4251,0.00025618
4252,0.000248218
4253,0.000261068
4254,0.000245634
4255,0.00026051
4256,0.000244027
4257,0.000262326
4258,0.000261976
4259,0.000261487
4260,0.000246891
4261,0.000246332
4262,0.000254294
4263,0.000265818
4264,0.00025164
4265,0.00024249
4266,0.000243818
4267,0.000258065
4268,0.000250592
4269,0.000251779
4270,0.000266167
4271,0.000253805
4272,0.000249963
4273,0.000247938
4274,0.000261837
4275,0.000263303
4276,0.000250941
4277,0.000268961
4278,0.000252339
4279,0.000252757
4280,0.000255202
4281,0.000245843
4282,0.000268262
4283,0.000243189
4284,0.000247659
4285,0.000247449
4286,0.000257716
4287,0.000256668
4288,0.000252897
4289,0.000250802
4290,0.000266516
4291,0.000244866
4292,0.000249196
4293,0.000284395
4294,0.000265678
4295,0.000240744
4296,0.000249056
4297,0.000242909
4298,0.000247379
4299,0.000250104
4300,0.000250942
4301,0.000279576
4302,0.000249614
4303,0.000239976
4304,0.000252408
4305,0.000269589
4306,0.000249195
4307,0.000243817
4308,0.000236624
4309,0.000261068
4310,0.000245773
4311,0.000255201
4312,0.000257157
4313,0.000255691
4314,0.00024724
4315,0.000256179
4316,0.000242072
4317,0.000262256
4318,0.000259253
4319,0.000247659
4320,0.0002515
4321,0.000259951
4322,0.00136583
4323,0.000254783
4324,0.000259462
4325,0.000246681
4326,0.000252618
4327,0.000248776
4328,0.000259532
4329,0.000251011
4330,0.000254084
4331,0.000247379
4332,0.000253735
4333,0.000240744
4334,0.00025143
4335,0.000256389
4336,0.000264351
4337,0.00024284
4338,0.000243958
4339,0.00024724
4340,0.000248986
4341,0.00023865
4342,0.000250942
4343,0.000252059
4344,0.000261907
4345,0.0002427
4346,0.000241443
4347,0.000240744
4348,0.000263024
4349,0.00024717
4350,0.00024703
4351,0.000240535
4352,0.000262745
4353,0.000241513
4354,0.00025618
4355,0.000232852
4356,0.000246891
4357,0.000242002
4358,0.0002427
4359,0.000244796
4360,0.000265399
4361,0.000246332
4362,0.000262744
4363,0.000258624
4364,0.000253037
4365,0.000249056
4366,0.00024249
4367,0.000252338
4368,0.000271126
4369,0.000251501
4370,0.000247309
4371,0.000245005
4372,0.000259252
4373,0.000250802
4374,0.000260859
4375,0.000247309
4376,0.000263164
4377,0.000239906
4378,0.000249893
4379,0.000241373
4380,0.000253316
4381,0.00024703
4382,0.000248986
4383,0.000236065
4384,0.000257577
4385,0.000246472
4386,0.000243817
4387,0.000242281
4388,0.000265189
4389,0.000254504
4390,0.000248497
4391,0.000244865
4392,0.000268542
4393,0.000248288
4394,0.000254504
4395,0.00025192
4396,0.00027378
4397,0.000248357
4398,0.000253106
4399,0.000253805
4400,0.000265119
4401,0.000246891
4402,0.000249893
4403,0.000264351
4404,0.000253875
4405,0.000265887
4406,0.000255691
4407,0.000239138
4408,0.000256668
4409,0.000247799
4410,0.00024731
4411,0.000246681
4412,0.000240674
4413,0.000239907
4414,0.000237881
4415,0.000252897
4416,0.000249055
4417,0.000254294
4418,0.000248706
4419,0.000256179
4420,0.000236135
4421,0.000240954
4422,0.000254014
4423,0.000285722
4424,0.000236624
4425,0.00025143
4426,0.000253595
4427,0.000244167
4428,0.000255691
4429,0.000248985
4430,0.000272313
4431,0.000248706
4432,0.000246611
4433,0.000258135
4434,0.000265329
4435,0.000249894
4436,0.000252408
4437,0.000250452
4438,0.000259043
4439,0.00025171
4440,0.000247519
4441,0.000252827
4442,0.000238929
4443,0.000233551
4444,0.000252408
4445,0.000291031
4446,0.000416257
4447,0.000398237
4448,0.000413323
4449,0.0004238
4450,0.000275665
4451,0.000281881
4452,0.000254503
4453,0.000239208
4454,0.00023816
4455,0.000266167
4456,0.000250382
4457,0.000257926
4458,0.000246192
4459,0.000259112
4460,0.000245773
4461,0.000247939
4462,0.000248916
4463,0.000265329
4464,0.000241303
4465,0.000252128
4466,0.000252408
4467,0.00026484
4468,0.000257157
4469,0.000247729
4470,0.000253246
4471,0.000251849
4472,0.000241512
4473,0.000246402
4474,0.000259741
4475,0.00026037
4476,0.000257576
4477,0.000258275
4478,0.000246052
4479,0.00028698
4480,0.000398797
4481,0.000268682
4482,0.000447616
4483,0.000370231
4484,0.000434765
4485,0.000249475
4486,0.000245774
4487,0.000229221
4488,0.000263303
4489,0.000258624
4490,0.000259043
4491,0.000258834
4492,0.000260439
4493,0.000236834
4494,0.000248567
4495,0.00025164
4496,0.000266586
4497,0.000264631
4498,0.000254363
4499,0.000282999
4500,0.000343831
4501,0.000271475
4502,0.000274618
4503,0.000262675
4504,0.000250383
4505,0.000259113
4506,0.000259601
4507,0.000246821
4508,0.000245214
4509,0.000250592
4510,0.000276713
4511,0.000246262
4512,0.000241932
4513,0.000255761
4514,0.000273849
4515,0.000339361
4516,0.000248078
4517,0.000246751
4518,0.000276224
4519,0.000244865
4520,0.000240605
4521,0.000270428
4522,0.000244307
4523,0.000244027
4524,0.000250174
4525,0.000268891
4526,0.000249125
4527,0.000248916
4528,0.000244027
4529,0.000266656
4530,0.000255691
4531,0.000249196
4532,0.000253595
4533,0.000270357
4534,0.000281392
4535,0.000337755
4536,0.000331957
4537,0.000325323
4538,0.000310027
4539,0.000339641
4540,0.000323857
4541,0.000332447
4542,0.000341736
4543,0.000330282
4544,0.000320154
4545,0.000315545
4546,0.000370301
4547,0.000376378
4548,0.000316104
4549,0.000337056
4550,0.00030039
4551,0.000355634
4552,0.000322389
4553,0.000260021
4554,0.000303951
4555,0.000432949
4556,0.000383362
4557,0.000398378
4558,0.000396213
4559,0.000429527
4560,0.000435952
4561,0.000457114
4562,0.000377564
4563,0.000350046
4564,0.000313799
4565,0.000345088
4566,0.000351583
4567,0.000364923
4568,0.000338942
4569,0.000341665
4570,0.000357101
4571,0.00037505
4572,0.000332377
4573,0.000419469
4574,0.000346205
4575,0.000368206
4576,0.000396562
4577,0.000414441
4578,0.000389298
4579,0.000358288
4580,0.000378123
4581,0.000404733
4582,0.000354935
4583,0.000362897
4584,0.000375609
4585,0.000377145
4586,0.000388949
4587,0.000354796
4588,0.000319387
4589,0.000398378
4590,0.00036199
4591,0.000339501
4592,0.000381266
4593,0.000368136
4594,0.000375329
4595,0.000377285
4596,0.000352002
4597,0.00038399
4598,0.000425336
4599,0.000376308
4600,0.000356891
4601,0.000325323
4602,0.000253316
4603,0.000259601
4604,0.000254503
4605,0.000257157
4606,0.000256249
4607,0.000275107
4608,0.000251221
4609,0.000257576
4610,0.000246751
4611,0.000253386
4612,0.000241163
4613,0.000238998
4614,0.00024284
4615,0.000276574
4616,0.000249754
4617,0.000248148
4618,0.000243259
4619,0.000250872
4620,0.000250174
4621,0.000252339
4622,0.000242561
4623,0.000252478
4624,0.000248427
4625,0.000252548
4626,0.00024745
4627,0.000257158
4628,0.000252269
4629,0.000497763
4630,0.000432809
4631,0.000416676
4632,0.000410321
4633,0.000283907
4634,0.000303532
4635,0.00030018
4636,0.000243189
4637,0.000252827
4638,0.000259741
4639,0.000262954
4640,0.000255201
4641,0.000251361
4642,0.000261139
4643,0.000260929
4644,0.000249126
4645,0.000253386
4646,0.000268332
4647,0.000265887
4648,0.000272802
4649,0.000240605
4650,0.000249754
4651,0.000262256
4652,0.000274408
4653,0.000252757
4654,0.000255481
4655,0.000262395
4656,0.000267075
4657,0.000233342
4658,0.000278319
4659,0.000260021
4660,0.000248078
4661,0.00026051
4662,0.00126574
4663,0.000251501
4664,0.000255272
4665,0.000237881
4666,0.000267005
4667,0.000245843
4668,0.000236763
4669,0.000245424
4670,0.00026044
4671,0.000241652
4672,0.000250383
4673,0.000231945
4674,0.000247031
4675,0.000249266
4676,0.000242909
4677,0.000239487
4678,0.000257157
4679,0.000246821
4680,0.000252408
4681,0.000249125
4682,0.000257576
4683,0.000327488
4684,0.000240535
4685,0.000275316
4686,0.000262885
4687,0.000239208
4688,0.000241862
4689,0.000238579
4690,0.000259532
4691,0.000257367
4692,0.000239627
4693,0.000244376
4694,0.000251919
4695,0.000244935
4696,0.000236275
4697,0.00025185
4698,0.000251501
4699,0.000248218
4700,0.000250313
4701,0.000253805
4702,0.000258554
4703,0.000244795
4704,0.000247729
4705,0.000264001
4706,0.000252339
4707,0.000255202
4708,0.000246262
4709,0.000274339
4710,0.000251431
4711,0.00024235
4712,0.000246821
4713,0.00026924
4714,0.00023802
4715,0.000243399
4716,0.000249755
4717,0.000257367
4718,0.000246192
4719,0.000252827
4720,0.000244865
4721,0.000268471
4722,0.000246961
4723,0.000231945
4724,0.000242212
4725,0.000250732
4726,0.000235856
4727,0.000249894
4728,0.000246122
4729,0.000257856
4730,0.000252339
4731,0.000244307
4732,0.000250034
4733,0.000263094
4734,0.000243887
4735,0.000248497
4736,0.000245634
4737,0.000252687
4738,0.000240465
4739,0.000244237
4740,0.000329234
4741,0.000273989
4742,0.000244726
4743,0.00025143
4744,0.000243957
4745,0.000256389
4746,0.00024745
4747,0.000239278
4748,0.000244306
4749,0.000266167
4750,0.000240814
4751,0.000244725
4752,0.000254713
4753,0.000245633
4754,0.000255481
4755,0.00024284
4756,0.000242351
4757,0.000261487
4758,0.000245354
4759,0.000246192
4760,0.000251989
4761,0.000267564
4762,0.000246891
4763,0.000287678
4764,0.000294872
4765,0.000276644
4766,0.000254504
4767,0.000273012
4768,0.000292846
4769,0.000253316
4770,0.000240744
4771,0.00025129
4772,0.000264351
4773,0.000245214
4774,0.000259392
4775,0.000241792
4776,0.000260999
4777,0.000245634
4778,0.000249824
4779,0.00025618
4780,0.000263792
4781,0.000240604
4782,0.000243259
4783,0.000245773
4784,0.000280833
4785,0.000246332
4786,0.000247728
4787,0.000262465
4788,0.000247799
4789,0.000231316
4790,0.000250872
4791,0.000242281
4792,0.00026051
4793,0.000237043
4794,0.000238649
4795,0.000246332
4796,0.000263932
4797,0.000252897
4798,0.000240814
4799,0.00024277
4800,0.000248706
4801,0.00026512
4802,0.000250383
4803,0.000259113
4804,0.000250872
4805,0.000249614
4806,0.000253735
4807,0.00024284
4808,0.000255202
4809,0.000238789
4810,0.000246122
4811,0.000258554
4812,0.0002691
4813,0.000258764
4814,0.000250453
4815,0.000243328
4816,0.000256668
4817,0.000254085
4818,0.000252827
4819,0.000240465
4820,0.000265189
4821,0.000238929
4822,0.000313869
4823,0.000293405
4824,0.000277202
4825,0.000283627
4826,0.000264211
4827,0.000510473
4828,0.000254014
4829,0.000248637
4830,0.000267983
4831,0.000243398
4832,0.000240605
4833,0.000279995
4834,0.000420308
4835,0.000334333
4836,0.000503071
4837,0.000323717
4838,0.000329304
4839,0.000275805
4840,0.000244376
4841,0.000244097
4842,0.000246402
4843,0.000252408
4844,0.000250033
4845,0.000244307
4846,0.000240605
4847,0.000263374
4848,0.000232992
4849,0.000245773
4850,0.000245284
4851,0.000249195
4852,0.000238719
4853,0.000250941
4854,0.000241792
4855,0.000260649
4856,0.000254294
4857,0.000237252
4858,0.000248567
4859,0.000247729
4860,0.000243398
4861,0.000250523
4862,0.000252827
4863,0.000253177
4864,0.000249545
4865,0.000245144
4866,0.000241443
4867,0.000265398
4868,0.000237602
4869,0.000254364
4870,0.000248637
4871,0.000267493
4872,0.000255481
4873,0.000251919
4874,0.000234319
4875,0.000258624
4876,0.000235296
4877,0.000244446
4878,0.000257157
4879,0.000260859
4880,0.000252199
4881,0.000251431
4882,0.0002427
4883,0.000261976
4884,0.000244865
4885,0.000242002
4886,0.000243748
4887,0.000356403
4888,0.000244935
4889,0.000249894
4890,0.000253317
4891,0.000269659
4892,0.000245005
4893,0.000255272
4894,0.000271475
4895,0.000245284
4896,0.000239627
4897,0.000258135
4898,0.000251849
4899,0.000249125
4900,0.000250802
4901,0.000252198
4902,0.000275177
4903,0.000266935
4904,0.000239418
4905,0.000249126
4906,0.000252339
4907,0.000239069
4908,0.000266655
4909,0.000249265
4910,0.000261977
4911,0.000251431
4912,0.000235855
4913,0.000244376
4914,0.000249545
4915,0.000245774
4916,0.000250523
4917,0.000246332
4918,0.000261558
4919,0.000258555
4920,0.000254713
4921,0.000243468
4922,0.000279995
4923,0.000264351
4924,0.000241373
4925,0.000254084
4926,0.000244027
4927,0.000251989
4928,0.000250522
4929,0.000250173
4930,0.000253525
4931,0.000248916
4932,0.000245144
4933,0.000256668
4934,0.000249754
4935,0.000239557
4936,0.000250871
4937,0.00025618
4938,0.000247799
4939,0.000245214
4940,0.000238998
4941,0.00026051
4942,0.000253526
4943,0.00025569
4944,0.000257576
4945,0.000271335
4946,0.000262186
4947,0.000248008
4948,0.000257228
4949,0.000277202
4950,0.000251221
4951,0.000244306
4952,0.000252757
4953,0.000268611
4954,0.000240256
4955,0.000250732
4956,0.000248078
4957,0.000257157
4958,0.000248636
4959,0.000248288
4960,0.00025192
4961,0.000257647
4962,0.000231945
4963,0.000254503
4964,0.000244306
4965,0.000257576
4966,0.00023823
4967,0.000242421
4968,0.000253316
4969,0.000265888
4970,0.00023376
4971,0.000249754
4972,0.000236554
4973,0.000273431
4974,0.000249894
4975,0.000263164
4976,0.000248706
4977,0.000265957
4978,0.000244446
4979,0.000245563
4980,0.00024724
4981,0.00026009
4982,0.000256179
4983,0.000247519
4984,0.00024738
4985,0.000259532
4986,0.000245703
4987,0.000259532
4988,0.000257856
4989,0.000261558
4990,0.000244096
4991,0.000257646
4992,0.000263234
4993,0.000258066
4994,0.000244167
4995,0.000244725
4996,0.00026016
4997,0.000246262
4998,0.000238998
4999,0.000248497
5000,0.000408155
